date,day,month,year,day_of_week,new_ftds,active_players,avg_deposit,total_deposits,daily_ggr,cumulative_ggr,traffic_spend,cumulative_traffic,effective_traffic_budget,ggr_multiplier,stable_payout,growth_payout,cumulative_stable,cumulative_growth,stable_return_pct,growth_return_pct,daily_total_referral,cumulative_referral_cost
2025-11-01,1,11,2025,Sat,12,12.0,41.812179229615275,501.74615075538327,18.46361754788926,18.46361754788926,1372.6728652595677,1372.6728652595677,28390.0,0.000650356377171161,12.960910565395663,2.4001686232214197,12.960910565395663,2.4001686232214197,0.07608847343780475,0.021135687066056886,0.0,0.0
2025-11-02,2,11,2025,Sun,11,23.0,35.996400714053756,827.9172164232364,36.67357210145789,55.13718964934715,1193.4856453022041,2566.158510561772,28390.0,0.0019421341898325872,12.960910565395663,2.4001686232214197,25.921821130791326,4.800337246442839,0.1521769468756095,0.04227137413211377,0.0,0.0
2025-11-03,3,11,2025,Mon,14,37.0,36.314879890501466,1343.6505559485543,-71.29668005705709,-16.15949040770994,713.8921876891421,3280.050698250914,28390.0,-0.0005691965624413504,0.0,0.0,25.921821130791326,4.800337246442839,0.1521769468756095,0.04227137413211377,0.0,0.0
2025-11-04,4,11,2025,Tue,6,43.0,34.22959170536874,1471.8724433308557,94.7169510938055,78.55746068609557,374.57998713060414,3654.630685381518,28390.0,0.002767082095318618,12.960910565395663,2.4001686232214197,38.88273169618699,7.2005058696642585,0.22826542031341426,0.06340706119817065,0.0,0.0
2025-11-05,5,11,2025,Wed,32,75.0,33.51563826637889,2513.672869978417,122.06548781076809,200.62294849686367,1456.402685404843,5111.033370786361,28390.0,0.007066676593760608,12.960910565395663,2.4001686232214197,51.84364226158265,9.600674492885679,0.304353893751219,0.08454274826422754,0.0,0.0
2025-11-06,6,11,2025,Thu,6,81.0,31.77518795633933,2573.7902244634856,528.3243237042194,728.947272201083,344.27873593165845,5455.312106718019,28390.0,0.02567619838679405,12.960910565395663,2.4001686232214197,64.80455282697831,12.000843116107099,0.3804423671890238,0.10567843533028443,0.0,0.0
2025-11-07,7,11,2025,Fri,4,85.0,33.85960560461709,2878.0664763924524,104.91543003203185,833.8627022331149,495.4042044518576,5950.7163111698765,28390.0,0.029371704904301334,12.960910565395663,2.4001686232214197,77.76546339237397,14.401011739328519,0.4565308406268285,0.12681412239634132,0.0,0.0
2025-11-08,8,11,2025,Sat,28,113.0,37.966287102269916,4290.190442556501,128.8820931723699,962.7447954054848,1128.3621482260605,7079.078459395937,28390.0,0.03391140526260954,12.960910565395663,2.4001686232214197,90.72637395776964,16.80118036254994,0.5326193140646333,0.1479498094623982,0.0,0.0
2025-11-09,9,11,2025,Sun,17,130.0,37.0070073511914,4810.910955654882,154.9155195289841,1117.660314934469,692.717741034819,7771.796200430756,28390.0,0.03936809844785026,12.960910565395663,2.4001686232214197,103.6872845231653,19.201348985771357,0.608707787502438,0.1690854965284551,0.0,0.0
2025-11-10,10,11,2025,Mon,10,140.0,33.674871489043774,4714.482008466129,177.9456037509798,1295.6059186854488,940.6752475928711,8712.471448023627,28390.0,0.04563599572685625,12.960910565395663,2.4001686232214197,116.64819508856097,21.601517608992776,0.6847962609402428,0.19022118359451193,0.0,0.0
2025-11-11,11,11,2025,Tue,7,147.0,33.32574468048961,4898.8844680319735,187.9864717120294,1483.5923903974783,426.615463307839,9139.086911331466,28390.0,0.052257569228512796,12.960910565395663,2.4001686232214197,129.60910565395662,24.001686232214194,0.7608847343780476,0.21135687066056882,0.0,0.0
2025-11-12,12,11,2025,Wed,2,149.0,35.65405129464288,5312.45364290179,1098.4140550789564,2582.0064454764347,221.75983911226038,9360.846750443727,28390.0,0.0909477437645803,12.960910565395663,2.4001686232214197,142.57001621935228,26.401854855435612,0.8369732078158523,0.23249255772662566,0.0,0.0
2025-11-13,13,11,2025,Thu,19,168.0,34.4855907986692,5793.579254176426,200.4088201192534,2782.415265595688,2247.293694194989,11608.140444638715,28390.0,0.09800687797096472,12.960910565395663,2.4001686232214197,155.53092678474795,28.80202347865703,0.913061681253657,0.25362824479268253,0.0,0.0
2025-11-14,14,11,2025,Fri,33,201.0,35.08360554113852,7051.804713768843,362.4816676495608,3144.896933245249,2065.5717810965407,13673.712225735257,28390.0,0.11077481272438354,12.960910565395663,2.4001686232214197,168.4918373501436,31.20219210187845,0.9891501546914618,0.27476393185873943,0.0,0.0
2025-11-15,15,11,2025,Sat,22,223.0,38.10470267780538,8497.348697150599,238.25678160449095,3383.15371484974,2019.9921510951835,15693.70437683044,28390.0,0.11916709104789504,12.960910565395663,2.4001686232214197,181.45274791553928,33.60236072509987,1.0652386281292665,0.2958996189247963,0.0,0.0
2025-11-16,16,11,2025,Sun,7,230.0,37.42774940442723,8608.382363018263,411.781283669832,3794.934998519572,748.2254848898965,16441.929861720335,28390.0,0.13367153922224628,12.960910565395663,2.4001686232214197,194.41365848093494,36.00252934832129,1.1413271015670714,0.3170353059908532,0.0,0.0
2025-11-17,17,11,2025,Mon,5,235.0,34.056402173476485,8003.254510766974,431.17318086254346,4226.108179382116,304.0849239928267,16746.014785713163,28390.0,0.14885904118993012,12.960910565395663,2.4001686232214197,207.3745690463306,38.40269797154271,1.217415575004876,0.33817099305691006,0.0,0.0
2025-11-18,18,11,2025,Tue,19,254.0,35.205613676826594,8942.225873913954,-1332.2447118316275,2893.863467550488,785.1975868051635,17531.212372518326,28390.0,0.10193249269286679,0.0,0.0,207.3745690463306,38.40269797154271,1.217415575004876,0.33817099305691006,0.0,0.0
2025-11-19,19,11,2025,Wed,5,259.0,34.523973459596256,8941.70912603543,-1218.821856257366,1675.041611293122,535.9931941499823,18067.205566668308,28390.0,0.05900111346576689,0.0,0.0,207.3745690463306,38.40269797154271,1.217415575004876,0.33817099305691006,0.0,0.0
2025-11-20,20,11,2025,Thu,8,267.0,35.15127074334296,9385.389288472572,-1202.0143225521517,473.02728874097033,838.8339884690068,18906.039555137315,28390.0,0.016661757264563943,0.0,0.0,207.3745690463306,38.40269797154271,1.217415575004876,0.33817099305691006,0.0,0.0
2025-11-21,21,11,2025,Fri,17,284.0,33.39347244370697,9483.74617401278,-680.3651377851651,-207.33784904419474,1735.5809790554117,20641.620534192727,28390.0,-0.007303200036780371,0.0,0.0,207.3745690463306,38.40269797154271,1.217415575004876,0.33817099305691006,0.0,0.0
2025-11-22,22,11,2025,Sat,3,287.0,36.50533701569789,10477.031723505293,-621.1113907100711,-828.4492397542658,222.55599296704665,20864.176527159772,28390.0,-0.02918102288673004,0.0,0.0,207.3745690463306,38.40269797154271,1.217415575004876,0.33817099305691006,0.0,0.0
2025-11-23,23,11,2025,Sun,23,310.0,36.20633048842944,11223.962451413125,417.9459969080728,-410.503242846193,1034.65542995112,21898.83195711089,28390.0,-0.014459430885741212,12.960910565395663,2.4001686232214197,220.33547961172627,40.802866594764126,1.293504048442681,0.3593066801229669,0.0,0.0
2025-11-24,24,11,2025,Mon,20,330.0,34.72883776982585,11460.516464042532,351.73183379258506,-58.771409053607954,1822.3494879980403,23721.18144510893,28390.0,-0.002070144735949558,12.960910565395663,2.4001686232214197,233.29639017712194,43.203035217985544,1.3695925218804856,0.3804423671890238,0.0,0.0
2025-11-25,25,11,2025,Tue,9,339.0,38.76060656466458,13139.84562542129,685.9083395242924,627.1369304706844,538.0569163386784,24259.23836144761,28390.0,0.022090064475895895,12.960910565395663,2.4001686232214197,246.2573007425176,45.60320384120696,1.4456809953182905,0.40157805425508064,0.0,0.0
2025-11-26,26,11,2025,Wed,4,343.0,36.844195579975825,12637.559083931708,-620.4415675725188,6.695362898165627,512.0199176082085,24771.25827905582,28390.0,0.00023583525530699635,0.0,0.0,246.2573007425176,45.60320384120696,1.4456809953182905,0.40157805425508064,0.0,0.0
2025-11-27,27,11,2025,Thu,10,353.0,39.19374938025988,13835.393531231739,627.8854225532558,634.5807854514214,676.6097715844203,25447.868050640238,28390.0,0.02235226436954637,12.960910565395663,2.4001686232214197,259.21821130791324,48.00337246442838,1.5217694687560952,0.42271374132113754,0.0,0.0
2025-11-28,28,11,2025,Fri,6,359.0,37.19697895572412,13353.71544510496,-599.3242357543622,35.2565496970592,712.8969271189557,26160.764977759194,28390.0,0.0012418650826720393,0.0,0.0,259.21821130791324,48.00337246442838,1.5217694687560952,0.42271374132113754,0.0,0.0
2025-11-29,29,11,2025,Sat,4,363.0,36.77287494238349,13348.553604085208,486.6598940545138,521.9164437515731,488.2859811619013,26649.050958921096,28390.0,0.018383812742218144,12.960910565395663,2.4001686232214197,272.1791218733089,50.4035410876498,1.5978579421938996,0.44384942838719443,0.0,0.0
2025-11-30,30,11,2025,Sun,23,386.0,37.279170466790596,14389.759800181171,720.5237847395147,1242.4402284910877,1740.949041078905,28390.0,28390.0,0.043763304983835426,12.960910565395663,2.4001686232214197,285.1400324387045,52.80370971087122,1.673946415631704,0.4649851154532513,0.0,0.0
2025-12-01,31,12,2025,Mon,0,379.0,35.17893773818348,13332.81740277154,478.00620926946203,1720.4464377605498,0.0,28390.0,28390.0,0.06060043810357696,108.88229225317667,20.163387454291982,394.0223246918812,72.9670971651632,2.313152076387702,0.6425422434410285,0.0,0.0
2025-12-02,32,12,2025,Tue,0,373.0,34.868733893784544,13006.037742381635,-994.0305648388448,726.4158729217049,0.0,28390.0,28390.0,0.02558703321316326,0.0,0.0,394.0223246918812,72.9670971651632,2.313152076387702,0.6425422434410285,0.0,0.0
2025-12-03,33,12,2025,Wed,0,364.0,35.46367237783633,12908.776745532425,513.9352255884849,1240.3510985101898,0.0,28390.0,28390.0,0.043689718158160966,108.88229225317667,20.163387454291982,502.90461694505785,93.13048461945517,2.9523577371437,0.8200993714288057,0.0,0.0
2025-12-04,34,12,2025,Thu,0,362.0,36.182252371025406,13097.975358311196,426.8358127915438,1667.1869113017335,0.0,28390.0,28390.0,0.05872444210291418,108.88229225317667,20.163387454291982,611.7869091982345,113.29387207374715,3.5915633978996975,0.9976564994165829,0.0,0.0
2025-12-05,35,12,2025,Fri,0,343.0,38.407633393583176,13173.818253999028,789.675249228193,2456.8621605299268,0.0,28390.0,28390.0,0.08653970273088858,108.88229225317667,20.163387454291982,720.6692014514113,133.45725952803915,4.230769058655696,1.17521362740436,0.0,0.0
2025-12-06,36,12,2025,Sat,0,341.0,40.568039496764705,13833.701468396765,321.88512983338927,2778.747290363316,0.0,28390.0,28390.0,0.09787767842068743,108.88229225317667,20.163387454291982,829.551493704588,153.62064698233112,4.869974719411694,1.3527707553921373,0.0,0.0
2025-12-07,37,12,2025,Sun,0,338.0,41.91414900415046,14166.982363402854,690.8346274222122,3469.5819177855283,0.0,28390.0,28390.0,0.12221140957328384,108.88229225317667,20.163387454291982,938.4337859577647,173.7840344366231,5.509180380167692,1.5303278833799145,0.0,0.0
2025-12-08,38,12,2025,Mon,0,319.0,39.681007631646864,12658.241434495349,540.4744392946699,4010.0563570801983,0.0,28390.0,28390.0,0.14124890303206053,108.88229225317667,20.163387454291982,1047.3160782109414,193.94742189091508,6.148386040923691,1.7078850113676918,0.0,0.0
2025-12-09,39,12,2025,Tue,0,311.0,40.25555274367287,12519.476903282262,567.4684995943669,4577.524856674565,0.0,28390.0,28390.0,0.16123722637106605,108.88229225317667,20.163387454291982,1156.1983704641182,214.11080934520706,6.787591701679689,1.8854421393554688,0.0,0.0
2025-12-10,40,12,2025,Wed,0,303.0,41.16635548329969,12473.405711439806,655.8516878274241,5233.376544501989,0.0,28390.0,28390.0,0.18433872999302534,108.88229225317667,20.163387454291982,1265.080662717295,234.27419679949904,7.426797362435687,2.0629992673432462,0.0,0.0
2025-12-11,41,12,2025,Thu,0,299.0,42.106187747598405,12589.750136531922,587.0369397230525,5820.413484225041,0.0,28390.0,28390.0,0.2050163256155351,108.88229225317667,20.163387454291982,1373.9629549704716,254.43758425379102,8.066003023191685,2.2405563953310232,0.0,0.0
2025-12-12,42,12,2025,Fri,0,301.0,43.03620498966981,12953.897701890613,514.0294439990616,6334.4429282241035,0.0,28390.0,28390.0,0.22312232927876377,108.88229225317667,20.163387454291982,1482.8452472236484,274.600971708083,8.705208683947683,2.418113523318801,0.0,0.0
2025-12-13,43,12,2025,Sat,0,290.0,48.227905089502876,13986.092475955835,420.427985117945,6754.870913342049,0.0,28390.0,28390.0,0.23793134601416163,108.88229225317667,20.163387454291982,1591.727539476825,294.764359162375,9.344414344703681,2.595670651306578,0.0,0.0
2025-12-14,44,12,2025,Sun,0,270.0,50.493812340564574,13633.329331952435,-597.8629069654459,6157.008006376603,0.0,28390.0,28390.0,0.2168724200907574,0.0,0.0,1591.727539476825,294.764359162375,9.344414344703681,2.595670651306578,0.0,0.0
2025-12-15,45,12,2025,Mon,0,256.0,48.96914209823315,12536.100377147686,473.5604076585775,6630.5684140351805,0.0,28390.0,28390.0,0.23355295576030927,108.88229225317667,20.163387454291982,1700.6098317300018,314.927746616667,9.983620005459679,2.773227779294355,0.0,0.0
2025-12-16,46,12,2025,Tue,0,255.0,50.60944442194309,12905.408327595487,711.59857270822,7342.1669867434,0.0,28390.0,28390.0,0.2586180692759211,108.88229225317667,20.163387454291982,1809.4921239831785,335.09113407095896,10.622825666215679,2.9507849072821326,0.0,0.0
2025-12-17,47,12,2025,Wed,0,251.0,48.908206696569444,12275.959880838931,-1084.5185379520822,6257.6484487913185,0.0,28390.0,28390.0,0.2204173458538682,0.0,0.0,1809.4921239831785,335.09113407095896,10.622825666215679,2.9507849072821326,0.0,0.0
2025-12-18,48,12,2025,Thu,0,238.0,51.00932721169599,12140.219876383646,352.4110657129338,6610.059514504253,0.0,28390.0,28390.0,0.23283055704488384,108.88229225317667,20.163387454291982,1918.3744162363553,355.25452152525094,11.262031326971677,3.1283420352699096,0.0,0.0
2025-12-19,49,12,2025,Fri,0,235.0,51.379128351791486,12074.095162671,612.2981944488217,7222.3577089530745,0.0,28390.0,28390.0,0.2543979467753813,108.88229225317667,20.163387454291982,2027.256708489532,375.4179089795429,11.901236987727675,3.305899163257687,0.0,0.0
2025-12-20,50,12,2025,Sat,0,230.0,66.6306882468438,15325.058296774076,1044.0113410397184,8266.369049992792,0.0,28390.0,28390.0,0.29117185804835477,108.88229225317667,20.163387454291982,2136.1390007427085,395.5812964338349,12.54044264848367,3.483456291245464,0.0,0.0
2025-12-21,51,12,2025,Sun,0,223.0,69.44426279798674,15486.070603951044,961.0307229500569,9227.39977294285,0.0,28390.0,28390.0,0.325022887387913,108.88229225317667,20.163387454291982,2245.0212929958852,415.7446838881269,13.179648309239669,3.661013419233241,0.0,0.0
2025-12-22,52,12,2025,Mon,0,220.0,64.23093842560664,14130.80645363346,498.90063797811314,9726.300410920963,0.0,28390.0,28390.0,0.3425959989757296,108.88229225317667,20.163387454291982,2353.903585249062,435.90807134241885,13.818853969995667,3.8385705472210185,0.0,0.0
2025-12-23,53,12,2025,Tue,0,207.0,70.05935736365096,14502.28697427575,683.8286376250257,10410.129048545989,0.0,28390.0,28390.0,0.3666829534535396,108.88229225317667,20.163387454291982,2462.7858775022387,456.07145879671083,14.458059630751666,4.0161276752087955,0.0,0.0
2025-12-24,54,12,2025,Wed,0,192.0,75.3489278917673,14466.994155219321,703.4516163704968,11113.580664916486,0.0,28390.0,28390.0,0.39146110126511047,108.88229225317667,20.163387454291982,2571.6681697554154,476.2348462510028,15.097265291507664,4.1936848031965726,0.0,0.0
2025-12-25,55,12,2025,Thu,0,189.0,80.69658944735023,15251.655405549194,369.2642229104984,11482.844887826985,0.0,28390.0,28390.0,0.4044679425088758,108.88229225317667,20.163387454291982,2680.550462008592,496.3982337052948,15.736470952263662,4.37124193118435,0.0,0.0
2025-12-26,56,12,2025,Fri,0,189.0,86.36791694821183,16323.536303212037,1063.2490123232649,12546.09390015025,0.0,28390.0,28390.0,0.44191947517260477,108.88229225317667,20.163387454291982,2789.432754261769,516.5616211595868,16.37567661301966,4.5487990591721275,0.0,0.0
2025-12-27,57,12,2025,Sat,0,182.0,94.9607010987699,17282.84759997612,566.4209631741701,13112.51486332442,0.0,28390.0,28390.0,0.46187090043411133,108.88229225317667,20.163387454291982,2898.3150465149456,536.7250086138788,17.014882273775658,4.7263561871599045,0.0,0.0
2025-12-28,58,12,2025,Sun,0,176.0,99.94471956681859,17590.270643760072,911.6612693463775,14024.176132670798,0.0,28390.0,28390.0,0.49398295641672413,108.88229225317667,20.163387454291982,3007.1973387681223,556.8883960681708,17.654087934531656,4.903913315147682,0.0,0.0
2025-12-29,59,12,2025,Mon,0,176.0,79.0652402992613,13915.48229266999,500.46844336274074,14524.64457603354,0.0,28390.0,28390.0,0.5116112918645135,108.88229225317667,20.163387454291982,3116.079631021299,577.0517835224628,18.293293595287654,5.081470443135459,0.0,0.0
2025-12-30,60,12,2025,Tue,0,165.0,88.32200278876498,14573.130460146222,-923.6146514245088,13601.02992460903,0.0,28390.0,28390.0,0.47907819389253364,0.0,0.0,3116.079631021299,577.0517835224628,18.293293595287654,5.081470443135459,0.0,0.0
2025-12-31,61,12,2025,Wed,0,162.0,87.9926863051696,14254.815181437476,451.0917454322562,14052.121670041288,0.0,28390.0,28390.0,0.49496730081159873,108.88229225317667,20.163387454291982,3224.961923274476,597.2151709767547,18.932499256043652,5.259027571123236,0.0,0.0
2026-01-01,62,1,2026,Thu,0,161.0,85.56523347164355,13776.002588934613,547.0464935142559,14599.168163555543,0.0,28390.0,28390.0,0.5142362861414421,30.860111177771934,5.714835403291099,3255.822034452248,602.9300063800458,19.11366698633467,5.3093519406485195,0.0,0.0
2026-01-02,63,1,2026,Fri,0,160.0,85.47513318690724,13676.021309905158,682.4371102697138,15281.605273825257,0.0,28390.0,28390.0,0.5382742259184662,30.860111177771934,5.714835403291099,3286.68214563002,608.6448417833369,19.29483471662569,5.359676310173802,0.0,0.0
2026-01-03,64,1,2026,Sat,0,162.0,94.33581652942681,15282.402277767143,-716.8269907952395,14564.778283030017,0.0,28390.0,28390.0,0.513024948327933,0.0,0.0,3286.68214563002,608.6448417833369,19.29483471662569,5.359676310173802,0.0,0.0
2026-01-04,65,1,2026,Sun,0,155.0,93.2384303605416,14451.956705883948,577.0766105577728,15141.85489358779,0.0,28390.0,28390.0,0.5333517045997812,30.860111177771934,5.714835403291099,3317.542256807792,614.359677186628,19.476002446916706,5.410000679699084,0.0,0.0
2026-01-05,66,1,2026,Mon,0,157.0,87.52662706133827,13741.680448630108,588.1344268121334,15729.989320399924,0.0,28390.0,28390.0,0.5540679577456824,30.860111177771934,5.714835403291099,3348.402367985564,620.0745125899191,19.657170177207725,5.460325049224367,0.0,0.0
2026-01-06,67,1,2026,Tue,0,156.0,88.45573143895946,13799.094104477676,394.9600768589444,16124.949397258868,0.0,28390.0,28390.0,0.5679799012771705,30.860111177771934,5.714835403291099,3379.262479163336,625.7893479932102,19.838337907498744,5.51064941874965,0.0,0.0
2026-01-07,68,1,2026,Wed,0,155.0,87.90611683585989,13625.448109558283,1646.9006443923647,17771.850041651232,0.0,28390.0,28390.0,0.6259897866027204,30.860111177771934,5.714835403291099,3410.122590341108,631.5041833965013,20.019505637789763,5.560973788274932,0.0,0.0
2026-01-08,69,1,2026,Thu,0,149.0,90.64901487777442,13506.703216788388,702.4359369487074,18474.28597859994,0.0,28390.0,28390.0,0.6507321584572011,30.860111177771934,5.714835403291099,3440.9827015188803,637.2190187997924,20.200673368080782,5.611298157800214,0.0,0.0
2026-01-09,70,1,2026,Fri,0,151.0,90.79348213463282,13709.815802329556,-781.9435941534562,17692.34238444648,0.0,28390.0,28390.0,0.6231892350985023,0.0,0.0,3440.9827015188803,637.2190187997924,20.200673368080782,5.611298157800214,0.0,0.0
2026-01-10,71,1,2026,Sat,0,149.0,101.60465956569263,15139.094275288202,788.978377177016,18481.320761623498,0.0,28390.0,28390.0,0.6509799493351003,30.860111177771934,5.714835403291099,3471.8428126966523,642.9338542030835,20.3818410983718,5.661622527325497,0.0,0.0
2026-01-11,72,1,2026,Sun,0,150.0,88.81553076178655,13322.329614267983,460.9492924161338,18942.270054039633,0.0,28390.0,28390.0,0.6672162752391558,30.860111177771934,5.714835403291099,3502.7029238744244,648.6486896063745,20.563008828662817,5.71194689685078,0.0,0.0
2026-01-12,73,1,2026,Mon,0,144.0,80.05455487849046,11527.855902502626,-638.9879843601217,18303.28206967951,0.0,28390.0,28390.0,0.6447087731482744,0.0,0.0,3502.7029238744244,648.6486896063745,20.563008828662817,5.71194689685078,0.0,0.0
2026-01-13,74,1,2026,Tue,0,143.0,83.78465939250081,11981.206293127616,396.64501199488143,18699.927081674392,0.0,28390.0,28390.0,0.6586800662794784,30.860111177771934,5.714835403291099,3533.5630350521965,654.3635250096656,20.744176558953836,5.762271266376063,0.0,0.0
2026-01-14,75,1,2026,Wed,0,143.0,84.9525812995045,12148.219125829144,449.0110629707426,19148.938144645133,0.0,28390.0,28390.0,0.6744958839255066,30.860111177771934,5.714835403291099,3564.4231462299686,660.0783604129567,20.925344289244855,5.812595635901345,0.0,0.0
2026-01-15,76,1,2026,Thu,0,137.0,83.18318850548492,11396.096825251434,349.11450142617343,19498.052646071308,0.0,28390.0,28390.0,0.6867929780229415,30.860111177771934,5.714835403291099,3595.2832574077406,665.7931958162478,21.106512019535874,5.862920005426627,0.0,0.0
2026-01-16,77,1,2026,Fri,0,140.0,85.88693892051869,12024.171448872616,748.467070340214,20246.519716411523,0.0,28390.0,28390.0,0.7131567353438367,30.860111177771934,5.714835403291099,3626.1433685855127,671.5080312195389,21.28767974982689,5.91324437495191,0.0,0.0
2026-01-17,78,1,2026,Sat,0,139.0,93.40731899583383,12983.617340420902,840.9688479662788,21087.488564377803,0.0,28390.0,28390.0,0.7427787447825925,30.860111177771934,5.714835403291099,3657.0034797632848,677.22286662283,21.46884748011791,5.963568744477192,0.0,0.0
2026-01-18,79,1,2026,Sun,0,138.0,96.43143765945815,13307.538397005226,393.6871320928061,21481.17569647061,0.0,28390.0,28390.0,0.7566458505273199,30.860111177771934,5.714835403291099,3687.863590941057,682.9377020261211,21.65001521040893,6.013893114002475,0.0,0.0
2026-01-19,80,1,2026,Mon,0,140.0,88.11871212404695,12336.619697366574,-1024.0360442600352,20457.139652210575,0.0,28390.0,28390.0,0.7205755425223873,0.0,0.0,3687.863590941057,682.9377020261211,21.65001521040893,6.013893114002475,0.0,0.0
2026-01-20,81,1,2026,Tue,0,139.0,90.2444077810965,12543.972681572413,-1070.3036440101062,19386.83600820047,0.0,28390.0,28390.0,0.6828755198379877,0.0,0.0,3687.863590941057,682.9377020261211,21.65001521040893,6.013893114002475,0.0,0.0
2026-01-21,82,1,2026,Wed,0,134.0,89.42005676946158,11982.287607107852,-920.6870033342116,18466.149004866256,0.0,28390.0,28390.0,0.6504455443771137,0.0,0.0,3687.863590941057,682.9377020261211,21.65001521040893,6.013893114002475,0.0,0.0
2026-01-22,83,1,2026,Thu,0,135.0,91.70303792707988,12379.910120155784,-900.3982786064238,17565.750726259834,0.0,28390.0,28390.0,0.6187302122669895,0.0,0.0,3687.863590941057,682.9377020261211,21.65001521040893,6.013893114002475,0.0,0.0
2026-01-23,84,1,2026,Fri,0,134.0,93.87854061045617,12579.724441801127,-611.913949786375,16953.836776473458,0.0,28390.0,28390.0,0.5971763570437991,0.0,0.0,3687.863590941057,682.9377020261211,21.65001521040893,6.013893114002475,0.0,0.0
2026-01-24,85,1,2026,Sat,0,132.0,101.46140442136905,13392.905383620715,-945.1646855259362,16008.67209094752,0.0,28390.0,28390.0,0.5638841877755378,0.0,0.0,3687.863590941057,682.9377020261211,21.65001521040893,6.013893114002475,0.0,0.0
2026-01-25,86,1,2026,Sun,0,131.0,111.58599898813213,14617.765867445309,-1095.8474747317957,14912.824616215725,0.0,28390.0,28390.0,0.5252844176194338,0.0,0.0,3687.863590941057,682.9377020261211,21.65001521040893,6.013893114002475,0.0,0.0
2026-01-26,87,1,2026,Mon,0,132.0,108.37894639384288,14306.02092398726,600.5960012736433,15513.420617489368,0.0,28390.0,28390.0,0.5464396131556664,30.860111177771934,5.714835403291099,3718.723702118829,688.6525374294122,21.831182940699946,6.064217483527758,0.0,0.0
2026-01-27,88,1,2026,Tue,0,128.0,110.87303840983134,14191.748916458411,422.6991860631145,15936.119803552483,0.0,28390.0,28390.0,0.5613286299243566,30.860111177771934,5.714835403291099,3749.583813296601,694.3673728327033,22.012350670990966,6.114541853053041,0.0,0.0
2026-01-28,89,1,2026,Wed,0,128.0,106.71182324745786,13659.113375674606,546.3049363447807,16482.424739897262,0.0,28390.0,28390.0,0.580571494888949,30.860111177771934,5.714835403291099,3780.443924474373,700.0822082359944,22.193518401281985,6.164866222578323,0.0,0.0
2026-01-29,90,1,2026,Thu,0,128.0,99.52399627278082,12739.071522915945,500.5889296024046,16983.013669499665,0.0,28390.0,28390.0,0.5982040743043208,30.860111177771934,5.714835403291099,3811.304035652145,705.7970436392854,22.374686131573,6.215190592103605,0.0,0.0
2026-01-30,91,1,2026,Fri,0,129.0,99.00239254986057,12771.308638932014,-973.3898044621285,16009.623865037536,0.0,28390.0,28390.0,0.5639177127522909,0.0,0.0,3811.304035652145,705.7970436392854,22.374686131573,6.215190592103605,0.0,0.0
2026-01-31,92,1,2026,Sat,0,126.0,110.13331794378817,13876.79806091731,731.8321124348533,16741.45597747239,0.0,28390.0,28390.0,0.589695525800366,30.860111177771934,5.714835403291099,3842.164146829917,711.5118790425765,22.55585386186402,6.265514961628889,0.0,0.0
2026-02-01,93,2,2026,Sun,0,127.0,101.00276886378367,12827.351645700526,855.4722755129778,17596.928252985366,0.0,28390.0,28390.0,0.6198283991893402,111.23832661672589,20.5996901142085,3953.402473446643,732.111569156785,23.20889088556207,6.446914134878345,0.0,0.0
2026-02-02,94,2,2026,Mon,0,122.0,94.89846077588658,11577.612214658162,661.5571101839173,18258.485363169282,0.0,28390.0,28390.0,0.6431308687273435,111.23832661672589,20.5996901142085,4064.6408000633687,752.7112592709934,23.86192790926012,6.628313308127804,0.0,0.0
2026-02-03,95,2,2026,Tue,0,128.0,94.93902661299887,12152.195406463856,715.8766442678526,18974.362007437136,0.0,28390.0,28390.0,0.6683466716251193,111.23832661672589,20.5996901142085,4175.8791266800945,773.3109493852019,24.51496493295817,6.809712481377261,0.0,0.0
2026-02-04,96,2,2026,Wed,0,122.0,97.50648639490223,11895.791340178072,495.66861475072767,19470.030622187864,0.0,28390.0,28390.0,0.6858059394923517,111.23832661672589,20.5996901142085,4287.117453296821,793.9106394994103,25.168001956656223,6.991111654626719,0.0,0.0
2026-02-05,97,2,2026,Thu,0,124.0,93.2465315218175,11562.56990870537,678.0211895048761,20148.05181169274,0.0,28390.0,28390.0,0.7096883343322558,111.23832661672589,20.5996901142085,4398.355779913547,814.5103296136188,25.82103898035427,7.172510827876177,0.0,0.0
2026-02-06,98,2,2026,Fri,0,117.0,98.54094582060085,11529.2906610103,441.1805898575728,20589.232401550315,0.0,28390.0,28390.0,0.7252283339750023,111.23832661672589,20.5996901142085,4509.594106530273,835.1100197278272,26.47407600405233,7.3539100011256355,0.0,0.0
2026-02-07,99,2,2026,Sat,0,120.0,107.32931301270312,12879.517561524375,492.66765056307423,21081.90005211339,0.0,28390.0,28390.0,0.7425818968690874,111.23832661672589,20.5996901142085,4620.832433146999,855.7097098420356,27.127113027750376,7.535309174375094,0.0,0.0
2026-02-08,100,2,2026,Sun,0,115.0,107.16085053259928,12323.497811248917,557.4946623083287,21639.394714421716,0.0,28390.0,28390.0,0.7622189050518392,111.23832661672589,20.5996901142085,4732.070759763726,876.3093999562441,27.780150051448434,7.716708347624551,0.0,0.0
2026-02-09,101,2,2026,Mon,0,119.0,99.54585617974917,11845.956885390151,644.5154232658575,22283.910137687573,0.0,28390.0,28390.0,0.7849211038283752,111.23832661672589,20.5996901142085,4843.309086380452,896.9090900704525,28.43318707514648,7.898107520874009,0.0,0.0
2026-02-10,102,2,2026,Tue,0,118.0,101.23207204545704,11945.384501363931,656.3741779542423,22940.284315641817,0.0,28390.0,28390.0,0.8080410114702999,111.23832661672589,20.5996901142085,4954.547412997178,917.508780184661,29.08622409884454,8.079506694123467,0.0,0.0
2026-02-11,103,2,2026,Wed,0,119.0,101.87519293041746,12123.147958719677,532.8877661033652,23473.172081745182,0.0,28390.0,28390.0,0.8268112744538634,111.23832661672589,20.5996901142085,5065.785739613904,938.1084702988694,29.739261122542587,8.260905867372925,0.0,0.0
2026-02-12,104,2,2026,Thu,0,116.0,100.80654160873745,11693.558826613544,410.2423331039084,23883.414414849092,0.0,28390.0,28390.0,0.8412615151408627,111.23832661672589,20.5996901142085,5177.0240662306305,958.7081604130778,30.392298146240638,8.442305040622383,0.0,0.0
2026-02-13,105,2,2026,Fri,0,111.0,103.67939797189419,11508.413174880256,-956.2036655397118,22927.21074930938,0.0,28390.0,28390.0,0.8075805124800768,0.0,0.0,5177.0240662306305,958.7081604130778,30.392298146240638,8.442305040622383,0.0,0.0
2026-02-14,106,2,2026,Sat,0,112.0,119.12788224534897,13342.322811479085,1934.7207679868561,24861.931517296234,0.0,28390.0,28390.0,0.8757284789466796,111.23832661672589,20.5996901142085,5288.262392847357,979.3078505272863,31.045335169938692,8.623704213871841,0.0,0.0
2026-02-15,107,2,2026,Sun,0,110.0,106.42674827585691,11706.94231034426,694.7858918639663,25556.7174091602,0.0,28390.0,28390.0,0.900201388135266,111.23832661672589,20.5996901142085,5399.500719464083,999.9075406414947,31.698372193636743,8.8051033871213,0.0,0.0
2026-02-16,108,2,2026,Mon,0,108.0,107.98310700930787,11662.17555700525,610.2679936301219,26166.98540279032,0.0,28390.0,28390.0,0.9216972667414696,111.23832661672589,20.5996901142085,5510.739046080809,1020.5072307557032,32.3514092173348,8.986502560370758,0.0,0.0
2026-02-17,109,2,2026,Tue,0,109.0,105.56063904844362,11506.109656280354,-1126.6559330242155,25040.329469766104,0.0,28390.0,28390.0,0.8820123096078233,0.0,0.0,5510.739046080809,1020.5072307557032,32.3514092173348,8.986502560370758,0.0,0.0
2026-02-18,110,2,2026,Wed,0,107.0,107.595410258532,11512.708897662924,617.9324381391931,25658.261907905297,0.0,28390.0,28390.0,0.9037781580804966,111.23832661672589,20.5996901142085,5621.977372697535,1041.1069208699116,33.004446241032845,9.167901733620216,0.0,0.0
2026-02-19,111,2,2026,Thu,0,105.0,105.20244001930126,11046.256202026632,539.4370563517904,26197.698964257088,0.0,28390.0,28390.0,0.9227791111045117,111.23832661672589,20.5996901142085,5733.215699314262,1061.70661098412,33.6574832647309,9.349300906869672,0.0,0.0
2026-02-20,112,2,2026,Fri,0,107.0,106.61371622982028,11407.66763659077,488.4683792809013,26686.16734353799,0.0,28390.0,28390.0,0.9399847602514262,111.23832661672589,20.5996901142085,5844.454025930988,1082.3063010983285,34.310520288428954,9.53070008011913,0.0,0.0
2026-02-21,113,2,2026,Sat,0,104.0,118.34313030646624,12307.685551872488,490.80355658870826,27176.970900126697,0.0,28390.0,28390.0,0.9572726629139379,111.23832661672589,20.5996901142085,5955.692352547714,1102.905991212537,34.963557312127,9.712099253368589,0.0,0.0
2026-02-22,114,2,2026,Sun,0,101.0,118.99845996320546,12018.844456283752,501.5816260714943,27678.55252619819,0.0,28390.0,28390.0,0.9749402087424512,111.23832661672589,20.5996901142085,6066.93067916444,1123.5056813267454,35.616594335825056,9.893498426618047,0.0,0.0
2026-02-23,115,2,2026,Mon,0,104.0,112.22561354441497,11671.463808619157,-915.5266649218986,26763.025861276292,0.0,28390.0,28390.0,0.9426919993404823,0.0,0.0,6066.93067916444,1123.5056813267454,35.616594335825056,9.893498426618047,0.0,0.0
2026-02-24,116,2,2026,Tue,0,106.0,110.00145737783471,11660.154482050479,485.70199599170604,27248.727857267997,0.0,28390.0,28390.0,0.9598002063144768,111.23832661672589,20.5996901142085,6178.169005781167,1144.1053714409538,36.26963135952311,10.074897599867505,0.0,0.0
2026-02-25,117,2,2026,Wed,0,100.0,125.91355711450711,12591.355711450711,548.4375609866423,27797.16541825464,0.0,28390.0,28390.0,0.9791181901463417,111.23832661672589,20.5996901142085,6289.407332397893,1164.7050615551623,36.922668383221165,10.256296773116963,0.0,0.0
2026-02-26,118,2,2026,Thu,0,104.0,118.52588518671251,12326.692059418101,555.1218051161585,28352.2872233708,0.0,28390.0,28390.0,0.9986716175896724,111.23832661672589,20.5996901142085,6400.645659014619,1185.3047516693707,37.57570540691921,10.437695946366421,0.0,0.0
2026-02-27,119,2,2026,Fri,0,102.0,124.87269660123613,12737.015053326086,-540.2532194161952,27812.034003954606,0.0,28390.0,28390.0,0.9796419163069604,0.0,0.0,6400.645659014619,1185.3047516693707,37.57570540691921,10.437695946366421,0.0,0.0
2026-02-28,120,2,2026,Sat,0,101.0,138.2069833301753,13958.905316347706,562.1881556590502,28374.222159613655,0.0,28390.0,28390.0,0.9994442465520836,111.23832661672589,20.5996901142085,6511.883985631345,1205.9044417835792,38.22874243061727,10.61909511961588,0.0,0.0
2026-03-01,121,3,2026,Sun,0,103.0,129.5711504211315,13345.828493376546,595.5718679961716,28969.794027609827,0.0,28390.0,28390.0,1.020422473674175,82.94144075958636,15.359526066590066,6594.825426390931,1221.2639678501691,38.715659424626814,10.754349840174084,0.0,0.0
2026-03-02,122,3,2026,Mon,0,99.0,118.73138827321276,11754.407439048064,568.4956512712855,29538.289678881112,0.0,28390.0,28390.0,1.040446977065203,82.94144075958636,15.359526066590066,6677.766867150517,1236.6234939167591,39.20257641863636,10.889604560732293,0.0,0.0
2026-03-03,123,3,2026,Tue,0,98.0,122.19656611337176,11975.263479110432,606.3713197264142,30144.660998607527,0.0,28390.0,28390.0,1.0618056005145307,82.94144075958636,15.359526066590066,6760.708307910103,1251.983019983349,39.6894934126459,11.024859281290498,0.0,0.0
2026-03-04,124,3,2026,Wed,0,102.0,123.69428074347867,12616.816635834824,601.2318476908669,30745.892846298393,0.0,28390.0,28390.0,1.082983192895329,82.94144075958636,15.359526066590066,6843.649748669689,1267.342546049939,40.17641040665545,11.160114001848706,0.0,0.0
2026-03-05,125,3,2026,Thu,0,99.0,120.54616957930304,11934.070788351,362.7779372516348,31108.670783550027,0.0,28390.0,28390.0,1.0957615633515332,82.94144075958636,15.359526066590066,6926.591189429275,1282.702072116529,40.663327400665,11.295368722406913,0.0,0.0
2026-03-06,126,3,2026,Fri,0,100.0,127.78553330309944,12778.553330309944,552.0063167908465,31660.677100340872,0.0,28390.0,28390.0,1.1152052518612494,82.94144075958636,15.359526066590066,7009.532630188861,1298.061598183119,41.15024439467454,11.43062344296512,0.0,0.0
2026-03-07,127,3,2026,Sat,0,96.0,133.7087080117284,12836.035969125925,701.267747154515,32361.944847495386,0.0,28390.0,28390.0,1.1399064757835642,82.94144075958636,15.359526066590066,7092.474070948447,1313.421124249709,41.637161388684085,11.565878163523328,0.0,0.0
2026-03-08,128,3,2026,Sun,0,94.0,131.26660483715074,12339.06085469217,-797.561632886881,31564.383214608504,0.0,28390.0,28390.0,1.1118134277776859,0.0,0.0,7092.474070948447,1313.421124249709,41.637161388684085,11.565878163523328,0.0,0.0
2026-03-09,129,3,2026,Mon,0,94.0,123.60035757304314,11618.433611866056,439.25425146257,32003.637466071075,0.0,28390.0,28390.0,1.1272855747119082,82.94144075958636,15.359526066590066,7175.415511708033,1328.780650316299,42.12407838269363,11.701132884081535,0.0,0.0
2026-03-10,130,3,2026,Tue,0,97.0,124.43967632637884,12070.648603658748,331.9233659801658,32335.56083205124,0.0,28390.0,28390.0,1.1389771339221995,82.94144075958636,15.359526066590066,7258.356952467619,1344.140176382889,42.61099537670317,11.836387604639741,0.0,0.0
2026-03-11,131,3,2026,Wed,0,96.0,124.1524750120659,11918.637601158327,346.03219090359994,32681.59302295484,0.0,28390.0,28390.0,1.151165657730005,82.94144075958636,15.359526066590066,7341.2983932272045,1359.499702449479,43.09791237071272,11.971642325197948,0.0,0.0
2026-03-12,132,3,2026,Thu,0,93.0,124.88771629615812,11614.557615542704,723.1530010171042,33404.746023971944,0.0,28390.0,28390.0,1.1766377606189484,82.94144075958636,15.359526066590066,7424.2398339867905,1374.859228516069,43.58482936472227,12.106897045756154,0.0,0.0
2026-03-13,133,3,2026,Fri,0,91.0,125.9433781051357,11460.847407567348,528.8838295619094,33933.62985353385,0.0,28390.0,28390.0,1.1952669902618476,82.94144075958636,15.359526066590066,7507.181274746376,1390.218754582659,44.071746358731815,12.242151766314361,0.0,0.0
2026-03-14,134,3,2026,Sat,0,90.0,139.57773283104427,12561.995954793983,570.2626159292556,34503.892469463106,0.0,28390.0,28390.0,1.215353732633431,82.94144075958636,15.359526066590066,7590.122715505962,1405.5782806492489,44.558663352741355,12.37740648687257,0.0,0.0
2026-03-15,135,3,2026,Sun,0,90.0,141.2090930995698,12708.818378961283,638.8692033157791,35142.761672778885,0.0,28390.0,28390.0,1.2378570508199678,82.94144075958636,15.359526066590066,7673.064156265548,1420.9378067158389,45.0455803467509,12.512661207430774,0.0,0.0
2026-03-16,136,3,2026,Mon,0,91.0,131.2058334987031,11939.730848381982,-1141.1406520220687,34001.621020756815,0.0,28390.0,28390.0,1.1976618887198596,0.0,0.0,7673.064156265548,1420.9378067158389,45.0455803467509,12.512661207430774,0.0,0.0
2026-03-17,137,3,2026,Tue,0,89.0,125.79995007584019,11196.195556749777,515.5181312556263,34517.13915201244,0.0,28390.0,28390.0,1.2158203294122027,82.94144075958636,15.359526066590066,7756.005597025134,1436.2973327824288,45.53249734076045,12.647915927988981,0.0,0.0
2026-03-18,138,3,2026,Wed,0,89.0,131.96170700527858,11744.591923469794,485.05924078982343,35002.19839280226,0.0,28390.0,28390.0,1.2329058961888786,82.94144075958636,15.359526066590066,7838.94703778472,1451.6568588490188,46.01941433476999,12.78317064854719,0.0,0.0
2026-03-19,139,3,2026,Thu,0,86.0,126.24321748822113,10856.916703987017,-418.4717490665696,34583.72664373569,0.0,28390.0,28390.0,1.2181657852671959,0.0,0.0,7838.94703778472,1451.6568588490188,46.01941433476999,12.78317064854719,0.0,0.0
2026-03-20,140,3,2026,Fri,0,89.0,131.48622367275868,11702.273906875522,-984.3804269859577,33599.34621674973,0.0,28390.0,28390.0,1.1834922936509238,0.0,0.0,7838.94703778472,1451.6568588490188,46.01941433476999,12.78317064854719,0.0,0.0
2026-03-21,141,3,2026,Sat,0,89.0,149.49869450097466,13305.383810586745,821.9447298977791,34421.2909466475,0.0,28390.0,28390.0,1.2124442038269638,82.94144075958636,15.359526066590066,7921.888478544306,1467.0163849156088,46.50633132877954,12.918425369105396,0.0,0.0
2026-03-22,142,3,2026,Sun,0,89.0,139.49630659122334,12415.171286618877,395.36937132677514,34816.66031797428,0.0,28390.0,28390.0,1.226370564211845,82.94144075958636,15.359526066590066,8004.829919303892,1482.3759109821988,46.993248322789086,13.053680089663603,0.0,0.0
2026-03-23,143,3,2026,Mon,0,88.0,129.16623856739056,11366.62899393037,693.6604390427409,35510.32075701702,0.0,28390.0,28390.0,1.250803830821311,82.94144075958636,15.359526066590066,8087.771360063478,1497.7354370487888,47.480165316798626,13.188934810221811,0.0,0.0
2026-03-24,144,3,2026,Tue,0,88.0,133.10260968819517,11713.029652561176,412.06781577868105,35922.3885727957,0.0,28390.0,28390.0,1.2653183717081966,82.94144075958636,15.359526066590066,8170.712800823064,1513.0949631153787,47.96708231080817,13.324189530780018,0.0,0.0
2026-03-25,145,3,2026,Wed,0,86.0,143.06816955364536,12303.8625816135,602.6435593652963,36525.032132160995,0.0,28390.0,28390.0,1.2865456897555827,82.94144075958636,15.359526066590066,8253.65424158265,1528.4544891819687,48.45399930481772,13.459444251338223,0.0,0.0
2026-03-26,146,3,2026,Thu,0,85.0,149.39751517204044,12698.788789623439,441.2013763391589,36966.233508500154,0.0,28390.0,28390.0,1.3020864215745034,82.94144075958636,15.359526066590066,8336.595682342237,1543.8140152485587,48.94091629882727,13.59469897189643,0.0,0.0
2026-03-27,147,3,2026,Fri,0,85.0,150.2419420330489,12770.565072809157,-1236.5229751219033,35729.71053337825,0.0,28390.0,28390.0,1.258531543972464,0.0,0.0,8336.595682342237,1543.8140152485587,48.94091629882727,13.59469897189643,0.0,0.0
2026-03-28,148,3,2026,Sat,0,86.0,162.21712315641736,13950.672591451892,554.1988238439728,36283.90935722223,0.0,28390.0,28390.0,1.2780524606277641,82.94144075958636,15.359526066590066,8419.537123101823,1559.1735413151487,49.427833292836816,13.729953692454638,0.0,0.0
2026-03-29,149,3,2026,Sun,0,86.0,147.38818520163977,12675.383927341021,478.3499147333099,36762.25927195554,0.0,28390.0,28390.0,1.294901700315447,82.94144075958636,15.359526066590066,8502.47856386141,1574.5330673817386,49.91475028684636,13.865208413012844,0.0,0.0
2026-03-30,150,3,2026,Mon,0,85.0,137.29861369455594,11670.382164037255,450.5808678655643,37212.840139821106,0.0,28390.0,28390.0,1.310772812251536,82.94144075958636,15.359526066590066,8585.420004620997,1589.8925934483286,50.401667280855925,14.000463133571051,0.0,0.0
2026-03-31,151,3,2026,Tue,0,81.0,133.91159798783738,10846.839437014829,557.7979664123352,37770.63810623344,0.0,28390.0,28390.0,1.3304205039180501,82.94144075958636,15.359526066590066,8668.361445380584,1605.2521195149186,50.888584274865465,14.13571785412926,0.0,0.0
2026-04-01,152,4,2026,Wed,0,83.0,138.00497667059804,11454.413063659636,483.9685801469914,38254.60668638043,0.0,28390.0,28390.0,1.3474676536238264,45.34013491097015,8.396321279809289,8713.701580291554,1613.648440794728,51.15475860215777,14.209655167266009,0.0,0.0
2026-04-02,153,4,2026,Thu,0,83.0,138.47907803619188,11493.763477003926,-1495.3748088955804,36759.231877484846,0.0,28390.0,28390.0,1.2947950643707238,0.0,0.0,8713.701580291554,1613.648440794728,51.15475860215777,14.209655167266009,0.0,0.0
2026-04-03,154,4,2026,Fri,0,87.0,133.7190050356662,11633.553438102961,381.7468792828444,37140.97875676769,0.0,28390.0,28390.0,1.3082415905870972,45.34013491097015,8.396321279809289,8759.041715202524,1622.0447620745374,51.42093292945006,14.28359248040276,0.0,0.0
2026-04-04,155,4,2026,Sat,0,84.0,154.69948180736682,12994.756471818813,433.23102864664673,37574.209785414336,0.0,28390.0,28390.0,1.3235015775066692,45.34013491097015,8.396321279809289,8804.381850113494,1630.4410833543468,51.68710725674236,14.357529793539511,0.0,0.0
2026-04-05,156,4,2026,Sun,0,82.0,149.51819025256398,12260.491600710247,420.06870002531423,37994.27848543965,0.0,28390.0,28390.0,1.338297938902418,45.34013491097015,8.396321279809289,8849.721985024464,1638.8374046341562,51.95328158403466,14.43146710667626,0.0,0.0
2026-04-06,157,4,2026,Mon,0,81.0,134.82968846760394,10921.204765875918,436.71730376052767,38430.99578920018,0.0,28390.0,28390.0,1.353680725227199,45.34013491097015,8.396321279809289,8895.062119935434,1647.2337259139656,52.21945591132695,14.505404419813011,0.0,0.0
2026-04-07,158,4,2026,Tue,0,80.0,133.7277751099966,10698.222008799728,490.9331853366193,38921.92897453679,0.0,28390.0,28390.0,1.3709731938899892,45.34013491097015,8.396321279809289,8940.402254846404,1655.630047193775,52.48563023861925,14.579341732949763,0.0,0.0
2026-04-08,159,4,2026,Wed,0,78.0,139.24267878264854,10860.928945046586,504.86542840620723,39426.794402943,0.0,28390.0,28390.0,1.388756407289292,45.34013491097015,8.396321279809289,8985.742389757374,1664.0263684735844,52.751804565911556,14.653279046086512,0.0,0.0
2026-04-09,160,4,2026,Thu,0,82.0,143.07369660747312,11732.043121812796,-1132.7839643523853,38294.010438590616,0.0,28390.0,28390.0,1.3488555984005148,0.0,0.0,8985.742389757374,1664.0263684735844,52.751804565911556,14.653279046086512,0.0,0.0
2026-04-10,161,4,2026,Fri,0,82.0,138.84965349510136,11385.671586598311,577.0776638954561,38871.08810248607,0.0,28390.0,28390.0,1.3691823917747823,45.34013491097015,8.396321279809289,9031.082524668343,1672.4226897533938,53.017978893203846,14.727216359223263,0.0,0.0
2026-04-11,162,4,2026,Sat,0,77.0,149.34871161573741,11499.850794411781,493.548542442503,39364.63664492858,0.0,28390.0,28390.0,1.3865669829140042,45.34013491097015,8.396321279809289,9076.422659579313,1680.8190110332032,53.284153220496144,14.801153672360016,0.0,0.0
2026-04-12,163,4,2026,Sun,0,80.0,158.0249325680387,12641.994605443097,1984.894152746198,41349.53079767478,0.0,28390.0,28390.0,1.4564822401435287,45.34013491097015,8.396321279809289,9121.762794490283,1689.2153323130126,53.55032754778845,14.875090985496763,0.0,0.0
2026-04-13,164,4,2026,Mon,0,76.0,140.18440167490016,10654.014527292411,518.4142136925811,41867.94501136736,0.0,28390.0,28390.0,1.4747426914888115,45.34013491097015,8.396321279809289,9167.102929401253,1697.611653592822,53.81650187508073,14.949028298633515,0.0,0.0
2026-04-14,165,4,2026,Tue,0,77.0,137.5279451560756,10589.65177701782,453.8611365877288,42321.80614795509,0.0,28390.0,28390.0,1.4907293465288864,45.34013491097015,8.396321279809289,9212.443064312223,1706.0079748726314,54.08267620237304,15.022965611770267,0.0,0.0
2026-04-15,166,4,2026,Wed,0,78.0,143.4026901448417,11185.409831297653,-662.7987800066244,41659.00736794846,0.0,28390.0,28390.0,1.4673831408224185,0.0,0.0,9212.443064312223,1706.0079748726314,54.08267620237304,15.022965611770267,0.0,0.0
2026-04-16,167,4,2026,Thu,0,76.0,141.1586517240097,10728.057531024737,-814.8842673336289,40844.12310061484,0.0,28390.0,28390.0,1.4386799260519492,0.0,0.0,9212.443064312223,1706.0079748726314,54.08267620237304,15.022965611770267,0.0,0.0
2026-04-17,168,4,2026,Fri,0,76.0,142.95789983883478,10864.800387751442,-449.9017058982903,40394.221394716544,0.0,28390.0,28390.0,1.4228327366930802,0.0,0.0,9212.443064312223,1706.0079748726314,54.08267620237304,15.022965611770267,0.0,0.0
2026-04-18,169,4,2026,Sat,0,79.0,155.28519360335633,12267.53029466515,452.27078859728135,40846.49218331382,0.0,28390.0,28390.0,1.4387633738398669,45.34013491097015,8.396321279809289,9257.783199223193,1714.4042961524408,54.34885052966534,15.096902924907015,0.0,0.0
2026-04-19,170,4,2026,Sun,0,77.0,153.93854033523593,11853.267605813167,-963.7940066093075,39882.698176704514,0.0,28390.0,28390.0,1.404815011507732,0.0,0.0,9257.783199223193,1714.4042961524408,54.34885052966534,15.096902924907015,0.0,0.0
2026-04-20,171,4,2026,Mon,0,77.0,140.82175448960587,10843.275095699652,608.406256730474,40491.104433434986,0.0,28390.0,28390.0,1.426245312907185,45.34013491097015,8.396321279809289,9303.123334134163,1722.8006174322502,54.615024856957625,15.170840238043768,0.0,0.0
2026-04-21,172,4,2026,Tue,0,74.0,145.24458550385475,10748.099327285252,-605.2141369752962,39885.89029645969,0.0,28390.0,28390.0,1.4049274496815671,0.0,0.0,9303.123334134163,1722.8006174322502,54.615024856957625,15.170840238043768,0.0,0.0
2026-04-22,173,4,2026,Wed,0,75.0,152.8325889802139,11462.444173516042,-738.6744297624631,39147.21586669723,0.0,28390.0,28390.0,1.3789086251038123,0.0,0.0,9303.123334134163,1722.8006174322502,54.615024856957625,15.170840238043768,0.0,0.0
2026-04-23,174,4,2026,Thu,0,72.0,147.01188041649561,10584.855389987684,380.900734756056,39528.11660145329,0.0,28390.0,28390.0,1.3923253470043426,45.34013491097015,8.396321279809289,9348.463469045133,1731.1969387120596,54.88119918424993,15.244777551180519,0.0,0.0
2026-04-24,175,4,2026,Fri,0,75.0,150.0159771178663,11251.198283839973,377.1395319346345,39905.25613338792,0.0,28390.0,28390.0,1.4056095855367354,45.34013491097015,8.396321279809289,9393.803603956103,1739.593259991869,55.14737351154223,15.318714864317268,0.0,0.0
2026-04-25,176,4,2026,Sat,0,73.0,184.73603106733103,13485.730267915165,-1153.8196198797734,38751.436513508146,0.0,28390.0,28390.0,1.3649678236529816,0.0,0.0,9393.803603956103,1739.593259991869,55.14737351154223,15.318714864317268,0.0,0.0
2026-04-26,177,4,2026,Sun,0,74.0,175.5301640559029,12989.232140136815,896.4730989084708,39647.90961241662,0.0,28390.0,28390.0,1.3965448965275313,45.34013491097015,8.396321279809289,9439.143738867073,1747.9895812716784,55.41354783883452,15.39265217745402,0.0,0.0
2026-04-27,178,4,2026,Mon,0,74.0,170.3394408844497,12605.118625449277,425.6656028055908,40073.575215222205,0.0,28390.0,28390.0,1.41153840138155,45.34013491097015,8.396321279809289,9484.483873778043,1756.3859025514878,55.67972216612682,15.46658949059077,0.0,0.0
2026-04-28,179,4,2026,Tue,0,73.0,169.17755278021195,12349.961352955472,608.7386923610221,40682.31390758323,0.0,28390.0,28390.0,1.4329804123840517,45.34013491097015,8.396321279809289,9529.824008689013,1764.7822238312972,55.94589649341912,15.54052680372752,0.0,0.0
2026-04-29,180,4,2026,Wed,0,75.0,152.97377148456152,11473.032861342115,747.6164125808964,41429.93032016412,0.0,28390.0,28390.0,1.459314206416489,45.34013491097015,8.396321279809289,9575.164143599983,1773.1785451111066,56.21207082071141,15.614464116864271,0.0,0.0
2026-04-30,181,4,2026,Thu,0,74.0,148.71174766267572,11004.669327038004,489.4783007986016,41919.40862096273,0.0,28390.0,28390.0,1.4765554287059783,45.34013491097015,8.396321279809289,9620.504278510953,1781.574866390916,56.478245148003715,15.688401430001022,0.0,0.0
2026-05-01,182,5,2026,Fri,0,75.0,149.1996104893782,11189.970786703363,402.0117233564296,42321.42034431916,0.0,28390.0,28390.0,1.4907157571088114,88.83536769522881,16.45099401763497,9709.339646206181,1798.025860408551,56.99976309854515,15.833267527373643,0.0,0.0
2026-05-02,183,5,2026,Sat,0,72.0,159.7597804087571,11502.704189430511,654.3408698378112,42975.76121415697,0.0,28390.0,28390.0,1.5137640441760116,88.83536769522881,16.45099401763497,9798.17501390141,1814.4768544261858,57.52128104908659,15.978133624746265,0.0,0.0
2026-05-03,184,5,2026,Sun,0,71.0,161.36039096544584,11456.587758546655,515.7041377980391,43491.46535195501,0.0,28390.0,28390.0,1.5319290367014797,88.83536769522881,16.45099401763497,9887.010381596638,1830.9278484438207,58.04279899962802,16.122999722118887,0.0,0.0
2026-05-04,185,5,2026,Mon,0,71.0,143.62998362008307,10197.728837025898,580.3689796293393,44071.83433158435,0.0,28390.0,28390.0,1.552371762296032,88.83536769522881,16.45099401763497,9975.845749291866,1847.3788424614556,58.564316950169456,16.267865819491508,0.0,0.0
2026-05-05,186,5,2026,Tue,0,71.0,150.50842125326957,10686.09790898214,477.68768864509326,44549.522020229444,0.0,28390.0,28390.0,1.569197675950315,88.83536769522881,16.45099401763497,10064.681116987094,1863.8298364790905,59.0858349007109,16.41273191686413,0.0,0.0
2026-05-06,187,5,2026,Wed,0,70.0,155.2378548741241,10866.649841188688,500.57383500403057,45050.09585523348,0.0,28390.0,28390.0,1.5868297236785305,88.83536769522881,16.45099401763497,10153.516484682323,1880.2808304967255,59.60735285125234,16.557598014236753,0.0,0.0
2026-05-07,188,5,2026,Thu,0,71.0,152.0623988639226,10796.430319338504,-364.4751860007443,44685.62066923273,0.0,28390.0,28390.0,1.5739915698919595,0.0,0.0,10153.516484682323,1880.2808304967255,59.60735285125234,16.557598014236753,0.0,0.0
2026-05-08,189,5,2026,Fri,0,71.0,156.32508734752926,11099.081201674577,629.5528217137625,45315.173490946494,0.0,28390.0,28390.0,1.5961667309244978,88.83536769522881,16.45099401763497,10242.351852377551,1896.7318245143604,60.128870801793774,16.702464111609373,0.0,0.0
2026-05-09,190,5,2026,Sat,0,70.0,162.93853914578278,11405.697740204794,484.49984609492714,45799.67333704142,0.0,28390.0,28390.0,1.6132325937668694,88.83536769522881,16.45099401763497,10331.18722007278,1913.1828185319953,60.6503887523352,16.847330208981994,0.0,0.0
2026-05-10,191,5,2026,Sun,0,69.0,161.5855796023863,11149.404992564656,377.44141289028266,46177.1147499317,0.0,28390.0,28390.0,1.6265274656545157,88.83536769522881,16.45099401763497,10420.022587768008,1929.6338125496302,61.17190670287664,16.992196306354614,0.0,0.0
2026-05-11,192,5,2026,Mon,0,70.0,150.0071152778568,10500.498069449975,455.64303436838753,46632.75778430009,0.0,28390.0,28390.0,1.6425768856745364,88.83536769522881,16.45099401763497,10508.857955463236,1946.084806567265,61.693424653418084,17.13706240372724,0.0,0.0
2026-05-12,193,5,2026,Tue,0,69.0,156.88258149562174,10824.8981231979,336.61246155564027,46969.37024585573,0.0,28390.0,28390.0,1.6544336120414136,88.83536769522881,16.45099401763497,10597.693323158464,1962.5358005849,62.21494260395952,17.28192850109986,0.0,0.0
2026-05-13,194,5,2026,Wed,0,66.0,157.132338298318,10370.734327688988,366.62724973151836,47335.997495587246,0.0,28390.0,28390.0,1.6673475694113156,88.83536769522881,16.45099401763497,10686.528690853693,1978.986794602535,62.73646055450095,17.42679459847248,0.0,0.0
2026-05-14,195,5,2026,Thu,0,68.0,153.44308750628474,10434.129950427363,-708.5114810815322,46627.48601450571,0.0,28390.0,28390.0,1.6423911945933678,0.0,0.0,10686.528690853693,1978.986794602535,62.73646055450095,17.42679459847248,0.0,0.0
2026-05-15,196,5,2026,Fri,0,70.0,154.2286172155698,10796.003205089886,503.58138362842857,47131.06739813414,0.0,28390.0,28390.0,1.6601291792227595,88.83536769522881,16.45099401763497,10775.364058548921,1995.4377886201698,63.25797850504239,17.571660695845104,0.0,0.0
2026-05-16,197,5,2026,Sat,0,69.0,166.9400954926842,11518.86658899521,658.2051159094833,47789.27251404362,0.0,28390.0,28390.0,1.683313579219571,88.83536769522881,16.45099401763497,10864.19942624415,2011.8887826378048,63.779496455583825,17.716526793217724,0.0,0.0
2026-05-17,198,5,2026,Sun,0,66.0,165.6904612362704,10935.570441593847,-915.8233580554377,46873.449155988186,0.0,28390.0,28390.0,1.6510549191964843,0.0,0.0,10864.19942624415,2011.8887826378048,63.779496455583825,17.716526793217724,0.0,0.0
2026-05-18,199,5,2026,Mon,0,67.0,153.47122587616158,10282.572133702826,691.2413004922796,47564.690456480464,0.0,28390.0,28390.0,1.6754029748672232,88.83536769522881,16.45099401763497,10953.034793939378,2028.3397766554397,64.30101440612526,17.86139289059035,0.0,0.0
2026-05-19,200,5,2026,Tue,0,68.0,155.52762820694974,10575.878718072583,-697.4729839363565,46867.21747254411,0.0,28390.0,28390.0,1.6508354164333958,0.0,0.0,10953.034793939378,2028.3397766554397,64.30101440612526,17.86139289059035,0.0,0.0
2026-05-20,201,5,2026,Wed,0,66.0,154.61002533650085,10204.261672209057,546.0711694891035,47413.288642033214,0.0,28390.0,28390.0,1.6700700472713355,88.83536769522881,16.45099401763497,11041.870161634606,2044.7907706730746,64.82253235666671,18.006258987962966,0.0,0.0
2026-05-21,202,5,2026,Thu,0,65.0,160.81600472794983,10453.04030731674,553.9167532409994,47967.20539527421,0.0,28390.0,28390.0,1.6895810283647135,88.83536769522881,16.45099401763497,11130.705529329834,2061.2417646907097,65.34405030720814,18.15112508533559,0.0,0.0
2026-05-22,203,5,2026,Fri,0,64.0,164.1277903541233,10504.178582663892,406.98687830873723,48374.19227358295,0.0,28390.0,28390.0,1.70391659998531,88.83536769522881,16.45099401763497,11219.540897025063,2077.6927587083446,65.86556825774957,18.295991182708214,0.0,0.0
2026-05-23,204,5,2026,Sat,0,66.0,167.8828556618948,11080.268473685057,531.433289410565,48905.62556299352,0.0,28390.0,28390.0,1.722635630961378,88.83536769522881,16.45099401763497,11308.376264720291,2094.1437527259795,66.38708620829101,18.440857280080834,0.0,0.0
2026-05-24,205,5,2026,Sun,0,65.0,171.6278980944741,11155.813376140815,397.23199532835923,49302.85755832188,0.0,28390.0,28390.0,1.7366275997999956,88.83536769522881,16.45099401763497,11397.21163241552,2110.5947467436145,66.90860415883245,18.585723377453455,0.0,0.0
2026-05-25,206,5,2026,Mon,0,62.0,175.9452757820685,10908.607098488248,531.9853812518231,49834.842939573704,0.0,28390.0,28390.0,1.755366077477059,88.83536769522881,16.45099401763497,11486.047000110748,2127.0457407612494,67.4301221093739,18.73058947482608,0.0,0.0
2026-05-26,207,5,2026,Tue,0,62.0,179.42199357207056,11124.163601468375,1059.5899005071205,50894.43284008082,0.0,28390.0,28390.0,1.7926887227925616,88.83536769522881,16.45099401763497,11574.882367805976,2143.4967347788843,67.95164005991532,18.8754555721987,0.0,0.0
2026-05-27,208,5,2026,Wed,0,63.0,177.72822613232384,11196.878246336402,495.01565665236257,51389.44849673319,0.0,28390.0,28390.0,1.8101249910790134,88.83536769522881,16.45099401763497,11663.717735501205,2159.947728796519,68.47315801045676,19.02032166957132,0.0,0.0
2026-05-28,209,5,2026,Thu,0,61.0,178.2616631858204,10873.961454335044,525.8167534278275,51915.265250161014,0.0,28390.0,28390.0,1.8286461870433608,88.83536769522881,16.45099401763497,11752.553103196433,2176.398722814154,68.9946759609982,19.16518776694394,0.0,0.0
2026-05-29,210,5,2026,Fri,0,63.0,164.7916891921596,10381.876419106055,531.928971637687,52447.1942217987,0.0,28390.0,28390.0,1.8473826777667737,88.83536769522881,16.45099401763497,11841.388470891661,2192.849716831789,69.51619391153963,19.310053864316565,0.0,0.0
2026-05-30,211,5,2026,Sat,0,63.0,175.9175552195418,11082.805978831135,421.1325478093124,52868.326769608015,0.0,28390.0,28390.0,1.8622165117861225,88.83536769522881,16.45099401763497,11930.22383858689,2209.300710849424,70.03771186208108,19.454919961689185,0.0,0.0
2026-05-31,212,5,2026,Sun,0,63.0,177.98647460815207,11213.147900313581,-884.7806319744747,51983.54613763354,0.0,28390.0,28390.0,1.8310512905119245,0.0,0.0,11930.22383858689,2209.300710849424,70.03771186208108,19.454919961689185,0.0,0.0
2026-06-01,213,6,2026,Mon,0,63.0,180.00970513022907,11340.611423204431,382.5492225559757,52366.095360189516,0.0,28390.0,28390.0,1.8445260782032236,95.01821523430986,17.595965784131458,12025.242053821199,2226.896676633555,70.59552690983443,19.609868586065122,0.0,0.0
2026-06-02,214,6,2026,Tue,0,63.0,174.97111551413767,11023.180277390673,-394.6296479892173,51971.4657122003,0.0,28390.0,28390.0,1.8306257735893026,0.0,0.0,12025.242053821199,2226.896676633555,70.59552690983443,19.609868586065122,0.0,0.0
2026-06-03,215,6,2026,Wed,0,59.0,186.08516195607444,10979.024555408392,429.09620794682786,52400.56192014713,0.0,28390.0,28390.0,1.8457401169477679,95.01821523430986,17.595965784131458,12120.260269055509,2244.4926424176865,71.15334195758781,19.76481721044106,0.0,0.0
2026-06-04,216,6,2026,Thu,0,66.0,183.98335863232404,12142.901669733386,407.28182743927186,52807.8437475864,0.0,28390.0,28390.0,1.8600860777592954,95.01821523430986,17.595965784131458,12215.278484289818,2262.088608201818,71.71115700534119,19.919765834816992,0.0,0.0
2026-06-05,217,6,2026,Fri,0,61.0,182.72909589320642,11146.474849485592,380.9734086448041,53188.8171562312,0.0,28390.0,28390.0,1.8735053595009228,95.01821523430986,17.595965784131458,12310.296699524128,2279.684573985949,72.26897205309456,20.07471445919293,0.0,0.0
2026-06-06,218,6,2026,Sat,0,59.0,204.21640062235502,12048.767636718947,658.6250798167464,53847.442236047944,0.0,28390.0,28390.0,1.8967045521679444,95.01821523430986,17.595965784131458,12405.314914758437,2297.2805397700804,72.82678710084794,20.229663083568866,0.0,0.0
2026-06-07,219,6,2026,Sun,0,60.0,199.41266663336444,11964.759998001866,636.9057080296549,54484.3479440776,0.0,28390.0,28390.0,1.9191387088438745,95.01821523430986,17.595965784131458,12500.333129992747,2314.8765055542117,73.3846021486013,20.384611707944803,0.0,0.0
2026-06-08,220,6,2026,Mon,0,61.0,188.93577803981148,11525.0824604285,844.9861217845302,55329.33406586213,0.0,28390.0,28390.0,1.9489022214111353,95.01821523430986,17.595965784131458,12595.351345227056,2332.472471338343,73.94241719635468,20.53956033232074,0.0,0.0
2026-06-09,221,6,2026,Tue,0,58.0,180.53452907636992,10471.002686429456,353.3991473433624,55682.733213205494,0.0,28390.0,28390.0,1.961350236463737,95.01821523430986,17.595965784131458,12690.369560461366,2350.0684371224743,74.50023224410806,20.694508956696676,0.0,0.0
2026-06-10,222,6,2026,Wed,0,62.0,184.66082833809685,11448.971356962005,284.7548100017145,55967.48802320721,0.0,28390.0,28390.0,1.9713803460094121,95.01821523430986,17.595965784131458,12785.387775695675,2367.6644029066056,75.05804729186143,20.84945758107261,0.0,0.0
2026-06-11,223,6,2026,Thu,0,60.0,184.85080390082433,11091.04823404946,503.04549121992414,56470.53351442714,0.0,28390.0,28390.0,1.989099454541287,95.01821523430986,17.595965784131458,12880.405990929985,2385.260368690737,75.61586233961481,21.004406205448547,0.0,0.0
2026-06-12,224,6,2026,Fri,0,60.0,180.81843386497385,10849.106031898431,467.46167465862055,56937.995189085756,0.0,28390.0,28390.0,2.005565170450361,95.01821523430986,17.595965784131458,12975.424206164294,2402.856334474868,76.17367738736817,21.15935482982448,0.0,0.0
2026-06-13,225,6,2026,Sat,0,57.0,201.4510231344615,11482.708318664307,450.9052862986987,57388.90047538446,0.0,28390.0,28390.0,2.0214477095943804,95.01821523430986,17.595965784131458,13070.442421398604,2420.4523002589995,76.73149243512154,21.314303454200417,0.0,0.0
2026-06-14,226,6,2026,Sun,0,59.0,205.01218018350988,12095.718630827083,455.5401098714158,57844.44058525587,0.0,28390.0,28390.0,2.037493504235853,95.01821523430986,17.595965784131458,13165.460636632914,2438.0482660431308,77.28930748287492,21.469252078576353,0.0,0.0
2026-06-15,227,6,2026,Mon,0,59.0,185.64422959869034,10953.00954632273,687.0900311589588,58531.53061641483,0.0,28390.0,28390.0,2.061695336964242,95.01821523430986,17.595965784131458,13260.478851867223,2455.644231827262,77.84712253062828,21.62420070295229,0.0,0.0
2026-06-16,228,6,2026,Tue,0,62.0,180.74852564645323,11206.4085900801,537.5354275631355,59069.06604397796,0.0,28390.0,28390.0,2.08062930764276,95.01821523430986,17.595965784131458,13355.497067101533,2473.2401976113933,78.40493757838166,21.779149327328227,0.0,0.0
2026-06-17,229,6,2026,Wed,0,60.0,187.52676702802393,11251.606021681435,520.566094901495,59589.63213887945,0.0,28390.0,28390.0,2.0989655561422844,95.01821523430986,17.595965784131458,13450.515282335842,2490.8361633955246,78.96275262613503,21.934097951704164,0.0,0.0
2026-06-18,230,6,2026,Thu,0,60.0,182.9155114993239,10974.930689959434,637.6923277875928,60227.32446666704,0.0,28390.0,28390.0,2.1214274204532244,95.01821523430986,17.595965784131458,13545.533497570152,2508.432129179656,79.52056767388841,22.089046576080097,0.0,0.0
2026-06-19,231,6,2026,Fri,0,59.0,191.37582021428076,11291.173392642566,424.1360608166178,60651.460527483665,0.0,28390.0,28390.0,2.136367049224504,95.01821523430986,17.595965784131458,13640.551712804461,2526.028094963787,80.07838272164179,22.243995200456034,0.0,0.0
2026-06-20,232,6,2026,Sat,0,58.0,204.02717073020682,11833.575902351995,-1110.5993603165248,59540.86116716714,0.0,28390.0,28390.0,2.097247663514165,0.0,0.0,13640.551712804461,2526.028094963787,80.07838272164179,22.243995200456034,0.0,0.0
2026-06-21,233,6,2026,Sun,0,56.0,209.7314395734374,11744.960616112494,537.1071136843011,60077.96828085144,0.0,28390.0,28390.0,2.1161665474058275,95.01821523430986,17.595965784131458,13735.56992803877,2543.6240607479185,80.63619776939515,22.39894382483197,0.0,0.0
2026-06-22,234,6,2026,Mon,0,57.0,188.97346753701467,10771.487649609837,670.3115600555235,60748.279840906966,0.0,28390.0,28390.0,2.139777380799823,95.01821523430986,17.595965784131458,13830.58814327308,2561.22002653205,81.19401281714853,22.553892449207908,0.0,0.0
2026-06-23,235,6,2026,Tue,0,58.0,195.3390762161277,11329.666420535406,373.3180605336011,61121.59790144057,0.0,28390.0,28390.0,2.1529270130835,95.01821523430986,17.595965784131458,13925.60635850739,2578.815992316181,81.7518278649019,22.70884107358384,0.0,0.0
2026-06-24,236,6,2026,Wed,0,53.0,188.0095133928817,9964.50420982273,297.0238630267419,61418.62176446731,0.0,28390.0,28390.0,2.163389283707901,95.01821523430986,17.595965784131458,14020.6245737417,2596.4119581003124,82.30964291265528,22.863789697959778,0.0,0.0
2026-06-25,237,6,2026,Thu,0,55.0,212.51282287145997,11688.205257930298,400.91691832285744,61819.53868279017,0.0,28390.0,28390.0,2.1775110490591816,95.01821523430986,17.595965784131458,14115.642788976009,2614.0079238844437,82.86745796040864,23.018738322335714,0.0,0.0
2026-06-26,238,6,2026,Fri,0,54.0,210.60395578911596,11372.613612612262,-797.3561392186011,61022.182543571565,0.0,28390.0,28390.0,2.149425239294525,0.0,0.0,14115.642788976009,2614.0079238844437,82.86745796040864,23.018738322335714,0.0,0.0
2026-06-27,239,6,2026,Sat,0,58.0,231.9877470870234,13455.289331047357,719.3367753971756,61741.51931896874,0.0,28390.0,28390.0,2.174762920710417,95.01821523430986,17.595965784131458,14210.661004210318,2631.603889668575,83.42527300816201,23.17368694671165,0.0,0.0
2026-06-28,240,6,2026,Sun,0,57.0,233.15758358681578,13289.9822644485,468.5376093805491,62210.05692834929,0.0,28390.0,28390.0,2.1912665349894076,95.01821523430986,17.595965784131458,14305.679219444628,2649.1998554527063,83.98308805591539,23.328635571087585,0.0,0.0
2026-06-29,241,6,2026,Mon,0,53.0,198.28589938553898,10509.152667433566,581.5201879556669,62791.57711630496,0.0,28390.0,28390.0,2.2117498103665008,95.01821523430986,17.595965784131458,14400.697434678937,2666.7958212368376,84.54090310366877,23.48358419546352,0.0,0.0
2026-06-30,242,6,2026,Tue,0,53.0,191.8842000936533,10169.862604963626,370.582578306208,63162.15969461117,0.0,28390.0,28390.0,2.2248030889260715,95.01821523430986,17.595965784131458,14495.715649913247,2684.391787020969,85.09871815142213,23.638532819839458,0.0,0.0
2026-07-01,243,7,2026,Wed,0,52.0,206.22896492625352,10723.906176165183,522.1794341305864,63684.339128741754,0.0,28390.0,28390.0,2.2431961651546937,77.36608397236344,14.327052587474714,14573.08173388561,2698.7188396084434,85.55290439054602,23.764695664040538,0.0,0.0
2026-07-02,244,7,2026,Thu,0,55.0,208.84834626495243,11486.659044572383,358.6530539922576,64042.992182734015,0.0,28390.0,28390.0,2.255829242082917,77.36608397236344,14.327052587474714,14650.447817857974,2713.045892195918,86.00709062966992,23.890858508241617,0.0,0.0
2026-07-03,245,7,2026,Fri,0,55.0,206.19241666272796,11340.582916450037,-555.3188711961105,63487.6733115379,0.0,28390.0,28390.0,2.2362688732489575,0.0,0.0,14650.447817857974,2713.045892195918,86.00709062966992,23.890858508241617,0.0,0.0
2026-07-04,246,7,2026,Sat,0,54.0,221.47661519014346,11959.737220267747,391.35603736820184,63879.02934890611,0.0,28390.0,28390.0,2.2500538692816523,77.36608397236344,14.327052587474714,14727.813901830337,2727.3729447833925,86.46127686879382,24.017021352442697,0.0,0.0
2026-07-05,247,7,2026,Sun,0,54.0,221.15245695246983,11942.232675433372,543.8044409871325,64422.83378989324,0.0,28390.0,28390.0,2.269208657622164,77.36608397236344,14.327052587474714,14805.1799858027,2741.699997370867,86.9154631079177,24.143184196643773,0.0,0.0
2026-07-06,248,7,2026,Mon,0,55.0,209.0788091032603,11499.334500679317,442.3068252841283,64865.14061517736,0.0,28390.0,28390.0,2.2847883274102627,77.36608397236344,14.327052587474714,14882.546069775064,2756.0270499583416,87.36964934704159,24.269347040844856,0.0,0.0
2026-07-07,249,7,2026,Tue,0,51.0,202.86635632710815,10346.184172682515,666.9177791290646,65532.05839430643,0.0,28390.0,28390.0,2.308279619383812,77.36608397236344,14.327052587474714,14959.912153747428,2770.354102545816,87.82383558616547,24.395509885045932,0.0,0.0
2026-07-08,250,7,2026,Wed,0,52.0,209.31058120460696,10884.150222639562,371.242819892779,65903.30121419921,0.0,28390.0,28390.0,2.321356154075351,77.36608397236344,14.327052587474714,15037.278237719791,2784.6811551332908,88.27802182528937,24.521672729247012,0.0,0.0
2026-07-09,251,7,2026,Thu,0,55.0,205.62151236098396,11309.183179854117,352.00584143560894,66255.30705563481,0.0,28390.0,28390.0,2.3337550917800214,77.36608397236344,14.327052587474714,15114.644321692154,2799.0082077207653,88.73220806441326,24.64783557344809,0.0,0.0
2026-07-10,252,7,2026,Fri,0,53.0,207.1794868132059,10980.512801099912,548.2426556970279,66803.54971133184,0.0,28390.0,28390.0,2.353066210332224,77.36608397236344,14.327052587474714,15192.010405664518,2813.33526030824,89.18639430353716,24.77399841764917,0.0,0.0
2026-07-11,253,7,2026,Sat,0,50.0,227.61519151343862,11380.759575671931,380.5060763610721,67184.05578769291,0.0,28390.0,28390.0,2.3664690309155656,77.36608397236344,14.327052587474714,15269.376489636881,2827.6623128957144,89.64058054266104,24.90016126185025,0.0,0.0
2026-07-12,254,7,2026,Sun,0,49.0,221.17460262595503,10837.555528671797,360.5537390846146,67544.60952677752,0.0,28390.0,28390.0,2.3791690569488386,77.36608397236344,14.327052587474714,15346.742573609245,2841.989365483189,90.09476678178493,25.02632410605133,0.0,0.0
2026-07-13,255,7,2026,Mon,0,51.0,205.08073008417819,10459.117234293088,-842.3187246358459,66702.29080214168,0.0,28390.0,28390.0,2.3494994998993195,0.0,0.0,15346.742573609245,2841.989365483189,90.09476678178493,25.02632410605133,0.0,0.0
2026-07-14,256,7,2026,Tue,0,49.0,208.81259566713342,10231.817187689538,363.36652064017926,67065.65732278186,0.0,28390.0,28390.0,2.3622986024227495,77.36608397236344,14.327052587474714,15424.108657581608,2856.3164180706635,90.54895302090881,25.152486950252406,0.0,0.0
2026-07-15,257,7,2026,Wed,0,51.0,209.17399065082063,10667.873523191853,534.2873490149258,67599.94467179678,0.0,28390.0,28390.0,2.381118163853356,77.36608397236344,14.327052587474714,15501.474741553971,2870.643470658138,91.00313926003271,25.27864979445349,0.0,0.0
2026-07-16,258,7,2026,Thu,0,52.0,210.8347127400251,10963.405062481306,351.28895506373834,67951.23362686051,0.0,28390.0,28390.0,2.393491850188817,77.36608397236344,14.327052587474714,15578.840825526335,2884.9705232456126,91.4573254991566,25.404812638654565,0.0,0.0
2026-07-17,259,7,2026,Fri,0,51.0,205.1991943455816,10465.158911624661,597.2893288942936,68548.5229557548,0.0,28390.0,28390.0,2.414530572587348,77.36608397236344,14.327052587474714,15656.206909498698,2899.297575833087,91.91151173828048,25.530975482855645,0.0,0.0
2026-07-18,260,7,2026,Sat,0,47.0,227.37715657364143,10686.726358961147,354.6859775136203,68903.20893326843,0.0,28390.0,28390.0,2.427023914521607,77.36608397236344,14.327052587474714,15733.572993471062,2913.6246284205617,92.36569797740438,25.657138327056728,0.0,0.0
2026-07-19,261,7,2026,Sun,0,49.0,225.22197842789512,11035.876942966861,359.8215046456655,69263.03043791409,0.0,28390.0,28390.0,2.439698148570415,77.36608397236344,14.327052587474714,15810.939077443425,2927.9516810080363,92.81988421652827,25.783301171257804,0.0,0.0
2026-07-20,262,7,2026,Mon,0,50.0,210.4622938666701,10523.114693333506,542.175874215235,69805.20631212932,0.0,28390.0,28390.0,2.4587955728118818,77.36608397236344,14.327052587474714,15888.305161415788,2942.278733595511,93.27407045565216,25.909464015458884,0.0,0.0
2026-07-21,263,7,2026,Tue,0,46.0,209.63586951067376,9643.249997490993,357.9203217556428,70163.12663388497,0.0,28390.0,28390.0,2.4714028402213795,77.36608397236344,14.327052587474714,15965.671245388152,2956.6057861829854,93.72825669477605,26.03562685965996,0.0,0.0
2026-07-22,264,7,2026,Wed,0,50.0,204.352105331204,10217.6052665602,303.8316227099236,70466.9582565949,0.0,28390.0,28390.0,2.4821049051283866,77.36608397236344,14.327052587474714,16043.037329360515,2970.93283877046,94.18244293389994,26.161789703861043,0.0,0.0
2026-07-23,265,7,2026,Thu,0,51.0,205.7661972985551,10494.076062226311,540.9470746018118,71007.9053311967,0.0,28390.0,28390.0,2.501159046537397,77.36608397236344,14.327052587474714,16120.403413332879,2985.2598913579345,94.63662917302382,26.287952548062123,0.0,0.0
2026-07-24,266,7,2026,Fri,0,49.0,210.73590569113395,10326.059378865564,301.2943195587884,71309.19965075549,0.0,28390.0,28390.0,2.5117717383147404,77.36608397236344,14.327052587474714,16197.769497305242,2999.586943945409,95.09081541214772,26.4141153922632,0.0,0.0
2026-07-25,267,7,2026,Sat,0,50.0,259.0998543256025,12954.992716280125,549.5745677150147,71858.7742184705,0.0,28390.0,28390.0,2.5311297716967416,77.36608397236344,14.327052587474714,16275.135581277606,3013.9139965328836,95.5450016512716,26.54027823646428,0.0,0.0
2026-07-26,268,7,2026,Sun,0,47.0,258.61202553763934,12154.765200269048,-786.022879822822,71072.75133864768,0.0,28390.0,28390.0,2.50344316092454,0.0,0.0,16275.135581277606,3013.9139965328836,95.5450016512716,26.54027823646428,0.0,0.0
2026-07-27,269,7,2026,Mon,0,49.0,244.64644472385865,11987.675791469073,-582.6710727614638,70490.08026588621,0.0,28390.0,28390.0,2.4829193471604865,0.0,0.0,16275.135581277606,3013.9139965328836,95.5450016512716,26.54027823646428,0.0,0.0
2026-07-28,270,7,2026,Tue,0,49.0,234.30814972633584,11481.099336590456,590.4329936742885,71080.5132595605,0.0,28390.0,28390.0,2.5037165642677173,77.36608397236344,14.327052587474714,16352.501665249969,3028.241049120358,95.9991878903955,26.666441080665358,0.0,0.0
2026-07-29,271,7,2026,Wed,0,46.0,213.8897909295822,9838.930382760782,388.0337610643307,71468.54702062483,0.0,28390.0,28390.0,2.5173845375352175,77.36608397236344,14.327052587474714,16429.867749222332,3042.5681017078327,96.45337412951939,26.792603924866437,0.0,0.0
2026-07-30,272,7,2026,Thu,0,47.0,207.20511474408096,9738.640392971805,382.1185631229964,71850.66558374782,0.0,28390.0,28390.0,2.5308441558206347,77.36608397236344,14.327052587474714,16507.233833194696,3056.8951542953073,96.90756036864327,26.91876676906752,0.0,0.0
2026-07-31,273,7,2026,Fri,0,43.0,204.56142966160292,8796.141475448925,413.38634290608076,72264.0519266539,0.0,28390.0,28390.0,2.545405140072346,77.36608397236344,14.327052587474714,16584.59991716706,3071.222206882782,97.36174660776716,27.044929613268597,0.0,0.0
2026-08-01,274,8,2026,Sat,0,46.0,204.20233036683223,9393.307196874282,392.8331473529728,72656.88507400687,0.0,28390.0,28390.0,2.5592421653401507,49.95097993237904,9.250181468959083,16634.550897099438,3080.472388351741,97.65498941587083,27.12638594885295,0.0,0.0
2026-08-02,275,8,2026,Sun,0,49.0,207.37913519034302,10161.577624326808,-703.9327387069995,71952.95233529988,0.0,28390.0,28390.0,2.534447070634022,0.0,0.0,16634.550897099438,3080.472388351741,97.65498941587083,27.12638594885295,0.0,0.0
2026-08-03,276,8,2026,Mon,0,45.0,184.93032496302723,8321.864623336225,524.3608958252617,72477.31323112514,0.0,28390.0,28390.0,2.5529169859501635,49.95097993237904,9.250181468959083,16684.501877031817,3089.7225698207,97.9482322239745,27.2078422844373,0.0,0.0
2026-08-04,277,8,2026,Tue,0,46.0,192.990328542814,8877.555112969445,434.69769202804326,72912.01092315318,0.0,28390.0,28390.0,2.568228634137132,49.95097993237904,9.250181468959083,16734.452856964195,3098.972751289659,98.24147503207817,27.28929862002165,0.0,0.0
2026-08-05,278,8,2026,Wed,0,42.0,192.23013769980375,8073.665783391757,357.0965435651774,73269.10746671836,0.0,28390.0,28390.0,2.5808068850552432,49.95097993237904,9.250181468959083,16784.403836896574,3108.222932758618,98.53471784018184,27.370754955606003,0.0,0.0
2026-08-06,279,8,2026,Thu,0,45.0,193.0988997323981,8689.450487957914,517.6438373572603,73786.75130407562,0.0,28390.0,28390.0,2.5990402009184788,49.95097993237904,9.250181468959083,16834.354816828953,3117.473114227577,98.82796064828551,27.452211291190352,0.0,0.0
2026-08-07,280,8,2026,Fri,0,45.0,195.00214604031137,8775.096571814012,-702.126066417597,73084.62523765802,0.0,28390.0,28390.0,2.574308743841424,0.0,0.0,16834.354816828953,3117.473114227577,98.82796064828551,27.452211291190352,0.0,0.0
2026-08-08,281,8,2026,Sat,0,44.0,202.28613413367813,8900.589901881838,472.6573155280272,73557.28255318604,0.0,28390.0,28390.0,2.5909574692915127,49.95097993237904,9.250181468959083,16884.30579676133,3126.723295696536,99.12120345638917,27.53366762677471,0.0,0.0
2026-08-09,282,8,2026,Sun,0,46.0,209.66952613671222,9644.798202288763,305.42932979521146,73862.71188298125,0.0,28390.0,28390.0,2.601715811306138,49.95097993237904,9.250181468959083,16934.25677669371,3135.973477165495,99.41444626449284,27.61512396235906,0.0,0.0
2026-08-10,283,8,2026,Mon,0,42.0,194.1746051269032,8155.333415329935,262.6381400256844,74125.35002300693,0.0,28390.0,28390.0,2.6109668905603005,49.95097993237904,9.250181468959083,16984.20775662609,3145.223658634454,99.70768907259651,27.696580297943413,0.0,0.0
2026-08-11,284,8,2026,Tue,0,41.0,194.17180682252481,7961.044079723517,520.263150398877,74645.61317340581,0.0,28390.0,28390.0,2.629292468242544,49.95097993237904,9.250181468959083,17034.158736558467,3154.473840103413,100.00093188070016,27.778036633527766,0.0,0.0
2026-08-12,285,8,2026,Wed,0,42.0,197.18095849619172,8281.600256840053,332.7380778871176,74978.35125129293,0.0,28390.0,28390.0,2.64101272459644,49.95097993237904,9.250181468959083,17084.109716490846,3163.724021572372,100.29417468880384,27.859492969112114,0.0,0.0
2026-08-13,286,8,2026,Thu,0,43.0,191.24993596845604,8223.74724664361,209.2640112496802,75187.6152625426,0.0,28390.0,28390.0,2.648383771135703,49.95097993237904,9.250181468959083,17134.060696423225,3172.974203041331,100.58741749690752,27.940949304696467,0.0,0.0
2026-08-14,287,8,2026,Fri,0,42.0,196.44289101601473,8250.601422672618,266.56009267184106,75454.17535521445,0.0,28390.0,28390.0,2.6577729959568317,49.95097993237904,9.250181468959083,17184.011676355603,3182.22438451029,100.88066030501118,28.022405640280816,0.0,0.0
2026-08-15,288,8,2026,Sat,0,39.0,205.09685964542427,7998.777526171547,296.2030124514929,75750.37836766594,0.0,28390.0,28390.0,2.668206353211199,49.95097993237904,9.250181468959083,17233.962656287982,3191.474565979249,101.17390311311485,28.10386197586517,0.0,0.0
2026-08-16,289,8,2026,Sun,0,42.0,214.25975695072654,8998.909791930515,368.32776184646764,76118.7061295124,0.0,28390.0,28390.0,2.68118020885919,49.95097993237904,9.250181468959083,17283.91363622036,3200.724747448208,101.4671459212185,28.185318311449524,0.0,0.0
2026-08-17,290,8,2026,Mon,0,43.0,196.5174901721574,8450.252077402769,413.7955287630392,76532.50165827543,0.0,28390.0,28390.0,2.6957556061386203,49.95097993237904,9.250181468959083,17333.86461615274,3209.974928917167,101.76038872932219,28.266774647033877,0.0,0.0
2026-08-18,291,8,2026,Tue,0,42.0,198.03985507868293,8317.673913304683,263.89203224659735,76796.39369052203,0.0,28390.0,28390.0,2.7050508520789727,49.95097993237904,9.250181468959083,17383.815596085118,3219.225110386126,102.05363153742584,28.348230982618226,0.0,0.0
2026-08-19,292,8,2026,Wed,0,39.0,193.11370360239724,7531.434440493492,277.8963300320294,77074.29002055406,0.0,28390.0,28390.0,2.7148393807873923,49.95097993237904,9.250181468959083,17433.766576017497,3228.475291855085,102.34687434552951,28.42968731820258,0.0,0.0
2026-08-20,293,8,2026,Thu,0,38.0,186.94578421607548,7103.939800210868,-483.4935152014897,76590.79650535257,0.0,28390.0,28390.0,2.69780896461263,0.0,0.0,17433.766576017497,3228.475291855085,102.34687434552951,28.42968731820258,0.0,0.0
2026-08-21,294,8,2026,Fri,0,43.0,195.40772287414987,8402.532083588445,-695.8840985583736,75894.9124067942,0.0,28390.0,28390.0,2.673297372553512,0.0,0.0,17433.766576017497,3228.475291855085,102.34687434552951,28.42968731820258,0.0,0.0
2026-08-22,295,8,2026,Sat,0,41.0,212.83639966242148,8726.29238615928,390.0211999325714,76284.93360672677,0.0,28390.0,28390.0,2.687035350712461,49.95097993237904,9.250181468959083,17483.717555949876,3237.725473324044,102.64011715363317,28.51114365378693,0.0,0.0
2026-08-23,296,8,2026,Sun,0,40.0,209.01632205875134,8360.652882350054,-545.8638162546358,75739.06979047213,0.0,28390.0,28390.0,2.667808023616489,0.0,0.0,17483.717555949876,3237.725473324044,102.64011715363317,28.51114365378693,0.0,0.0
2026-08-24,297,8,2026,Mon,0,38.0,196.14116795944133,7453.364382458771,417.4045566273574,76156.47434709949,0.0,28390.0,28390.0,2.6825105441035397,49.95097993237904,9.250181468959083,17533.668535882254,3246.975654793003,102.93335996173684,28.59259998937128,0.0,0.0
2026-08-25,298,8,2026,Tue,0,39.0,218.58071461777064,8524.647870093055,554.6782493563052,76711.1525964558,0.0,28390.0,28390.0,2.7020483478850226,49.95097993237904,9.250181468959083,17583.619515814633,3256.225836261962,103.2266027698405,28.674056324955632,0.0,0.0
2026-08-26,299,8,2026,Wed,0,41.0,220.9695605315587,9059.751981793906,312.7365796489945,77023.88917610479,0.0,28390.0,28390.0,2.7130640780593445,49.95097993237904,9.250181468959083,17633.57049574701,3265.476017730921,103.51984557794418,28.755512660539985,0.0,0.0
2026-08-27,300,8,2026,Thu,0,40.0,219.5800717932726,8783.202871730904,-876.8053236501238,76147.08385245466,0.0,28390.0,28390.0,2.6821797764161555,0.0,0.0,17633.57049574701,3265.476017730921,103.51984557794418,28.755512660539985,0.0,0.0
2026-08-28,301,8,2026,Fri,0,39.0,214.4546807661942,8363.732549881574,311.50249722598295,76458.58634968064,0.0,28390.0,28390.0,2.6931520376780784,49.95097993237904,9.250181468959083,17683.52147567939,3274.72619919988,103.81308838604785,28.83696899612434,0.0,0.0
2026-08-29,302,8,2026,Sat,0,37.0,216.77537740561138,8020.6889640076215,357.11880656153437,76815.70515624217,0.0,28390.0,28390.0,2.7057310727806327,49.95097993237904,9.250181468959083,17733.47245561177,3283.976380668839,104.10633119415151,28.91842533170869,0.0,0.0
2026-08-30,303,8,2026,Sun,0,40.0,208.99550538916506,8359.820215566602,432.63739888257135,77248.34255512473,0.0,28390.0,28390.0,2.720970149881111,49.95097993237904,9.250181468959083,17783.423435544148,3293.226562137798,104.39957400225519,28.999881667293042,0.0,0.0
2026-08-31,304,8,2026,Mon,0,38.0,200.7745150122321,7629.43157046482,456.992588563874,77705.33514368862,0.0,28390.0,28390.0,2.7370671061531744,49.95097993237904,9.250181468959083,17833.374415476526,3302.476743606757,104.69281681035885,29.081338002877395,0.0,0.0
2026-09-01,305,9,2026,Tue,0,39.0,179.81715617276936,7012.869090738005,315.31931090307546,78020.65445459168,0.0,28390.0,28390.0,2.7481738096016795,38.555599062802095,7.139925752370758,17871.930014539328,3309.6166693591276,104.91916176200147,29.1442116005559,0.0,0.0
2026-09-02,306,9,2026,Wed,0,35.0,175.61244027083012,6146.435409479054,349.7578085263842,78370.41226311807,0.0,28390.0,28390.0,2.760493563336318,38.555599062802095,7.139925752370758,17910.48561360213,3316.7565951114984,105.14550671364407,29.2070851982344,0.0,0.0
2026-09-03,307,9,2026,Thu,0,37.0,168.91960553082524,6250.025404640533,-487.3403992592754,77883.07186385879,0.0,28390.0,28390.0,2.743327645785797,0.0,0.0,17910.48561360213,3316.7565951114984,105.14550671364407,29.2070851982344,0.0,0.0
2026-09-04,308,9,2026,Fri,0,36.0,168.28309202567038,6058.191312924134,215.4742185678829,78098.54608242666,0.0,28390.0,28390.0,2.750917438620171,38.555599062802095,7.139925752370758,17949.04121266493,3323.8965208638692,105.37185166528667,29.269958795912903,0.0,0.0
2026-09-05,309,9,2026,Sat,0,37.0,186.2246132550181,6890.31069043567,266.2545309322444,78364.80061335891,0.0,28390.0,28390.0,2.760295900435326,38.555599062802095,7.139925752370758,17987.596811727733,3331.03644661624,105.59819661692929,29.332832393591406,0.0,0.0
2026-09-06,310,9,2026,Sun,0,36.0,187.51464672808802,6750.527282211169,-389.60171032878674,77975.19890303012,0.0,28390.0,28390.0,2.7465726982398775,0.0,0.0,17987.596811727733,3331.03644661624,105.59819661692929,29.332832393591406,0.0,0.0
2026-09-07,311,9,2026,Mon,0,36.0,172.5454211461039,6211.635161259741,316.04674427287597,78291.24564730299,0.0,28390.0,28390.0,2.7577050245615706,38.555599062802095,7.139925752370758,18026.152410790535,3338.176372368611,105.82454156857189,29.39570599126991,0.0,0.0
2026-09-08,312,9,2026,Tue,0,36.0,174.53498355736292,6283.259408065065,277.0234665598893,78568.26911386287,0.0,28390.0,28390.0,2.7674628078148245,38.555599062802095,7.139925752370758,18064.708009853337,3345.3162981209816,106.0508865202145,29.458579588948414,0.0,0.0
2026-09-09,313,9,2026,Wed,0,39.0,177.00222451762355,6903.086756187318,280.1290545289331,78848.39816839181,0.0,28390.0,28390.0,2.7773299812748085,38.555599062802095,7.139925752370758,18103.26360891614,3352.4562238733524,106.2772314718571,29.521453186626918,0.0,0.0
2026-09-10,314,9,2026,Thu,0,37.0,172.75261196677943,6391.846642770839,331.86663144672247,79180.26479983854,0.0,28390.0,28390.0,2.789019542086599,38.555599062802095,7.139925752370758,18141.81920797894,3359.5961496257232,106.50357642349971,29.58432678430542,0.0,0.0
2026-09-11,315,9,2026,Fri,0,36.0,171.95695477348647,6190.4503718455135,265.7217315509206,79445.98653138946,0.0,28390.0,28390.0,2.798379236752006,38.555599062802095,7.139925752370758,18180.374807041742,3366.736075378094,106.72992137514233,29.647200381983918,0.0,0.0
2026-09-12,316,9,2026,Sat,0,37.0,190.98241677699022,7066.349420748638,936.4289462685151,80382.41547765797,0.0,28390.0,28390.0,2.8313637012207806,38.555599062802095,7.139925752370758,18218.930406104544,3373.876001130465,106.95626632678493,29.710073979662422,0.0,0.0
2026-09-13,317,9,2026,Sun,0,36.0,185.1628811220957,6665.863720395446,314.1410389320407,80696.55651659,0.0,28390.0,28390.0,2.8424289016058473,38.555599062802095,7.139925752370758,18257.486005167346,3381.0159268828356,107.18261127842754,29.772947577340926,0.0,0.0
2026-09-14,318,9,2026,Mon,0,37.0,178.07996976674,6588.95888136938,309.4093701619335,81005.96588675193,0.0,28390.0,28390.0,2.853327435250156,38.555599062802095,7.139925752370758,18296.041604230148,3388.1558526352064,107.40895623007015,29.83582117501943,0.0,0.0
2026-09-15,319,9,2026,Tue,0,38.0,178.0749757228922,6766.849077469903,285.3054683044251,81291.27135505636,0.0,28390.0,28390.0,2.8633769410023375,38.555599062802095,7.139925752370758,18334.59720329295,3395.2957783875772,107.63530118171273,29.89869477269793,0.0,0.0
2026-09-16,320,9,2026,Wed,0,34.0,178.8606611672574,6081.262479686752,194.93020708804258,81486.2015621444,0.0,28390.0,28390.0,2.8702430983495737,38.555599062802095,7.139925752370758,18373.15280235575,3402.435704139948,107.86164613335536,29.961568370376433,0.0,0.0
2026-09-17,321,9,2026,Thu,0,34.0,173.68745111215208,5905.373337813171,279.3988421334236,81765.60040427782,0.0,28390.0,28390.0,2.8800845510488844,38.555599062802095,7.139925752370758,18411.708401418553,3409.575629892319,108.08799108499795,30.024441968054937,0.0,0.0
2026-09-18,322,9,2026,Fri,0,35.0,175.42345937563996,6139.821078147399,178.7119645256772,81944.3123688035,0.0,28390.0,28390.0,2.886379442367154,38.555599062802095,7.139925752370758,18450.264000481355,3416.7155556446896,108.31433603664058,30.08731556573344,0.0,0.0
2026-09-19,323,9,2026,Sat,0,38.0,188.2799865091212,7154.639487346605,333.8989855551056,82278.2113543586,0.0,28390.0,28390.0,2.8981405901500037,38.555599062802095,7.139925752370758,18488.819599544157,3423.8554813970604,108.54068098828319,30.150189163411945,0.0,0.0
2026-09-20,324,9,2026,Sun,0,34.0,192.55856163705627,6546.991095659913,199.6154643820641,82477.82681874066,0.0,28390.0,28390.0,2.9051717794554657,38.555599062802095,7.139925752370758,18527.37519860696,3430.9954071494312,108.76702593992577,30.21306276109045,0.0,0.0
2026-09-21,325,9,2026,Mon,0,33.0,178.32276518911598,5884.651251240827,-565.7460797094486,81912.08073903121,0.0,28390.0,28390.0,2.8852441260666155,0.0,0.0,18527.37519860696,3430.9954071494312,108.76702593992577,30.21306276109045,0.0,0.0
2026-09-22,326,9,2026,Tue,0,34.0,176.9879185374676,6017.5892302738985,235.1291375762587,82147.20987660746,0.0,28390.0,28390.0,2.8935262372880404,38.555599062802095,7.139925752370758,18565.93079766976,3438.135332901802,108.9933708915684,30.275936358768952,0.0,0.0
2026-09-23,327,9,2026,Wed,0,33.0,174.00551451461843,5742.1819789824085,181.96150638230907,82329.17138298978,0.0,28390.0,28390.0,2.899935589397315,38.555599062802095,7.139925752370758,18604.486396732562,3445.275258654173,109.21971584321099,30.338809956447456,0.0,0.0
2026-09-24,328,9,2026,Thu,0,34.0,170.12657953466297,5784.303704178541,-642.8420613033414,81686.32932168644,0.0,28390.0,28390.0,2.87729233257085,0.0,0.0,18604.486396732562,3445.275258654173,109.21971584321099,30.338809956447456,0.0,0.0
2026-09-25,329,9,2026,Fri,0,36.0,193.05384923757725,6949.938572552781,253.87352791041107,81940.20284959686,0.0,28390.0,28390.0,2.886234690017501,38.555599062802095,7.139925752370758,18643.041995795364,3452.4151844065436,109.44606079485362,30.40168355412596,0.0,0.0
2026-09-26,330,9,2026,Sat,0,35.0,216.4418605853224,7575.465120486284,360.90638054864803,82301.1092301455,0.0,28390.0,28390.0,2.8989471373774394,38.555599062802095,7.139925752370758,18681.597594858165,3459.5551101589144,109.67240574649621,30.46455715180446,0.0,0.0
2026-09-27,331,9,2026,Sun,0,36.0,211.50355164056492,7614.127859060337,227.49679217713876,82528.60602232265,0.0,28390.0,28390.0,2.9069604093808614,38.555599062802095,7.139925752370758,18720.153193920967,3466.6950359112852,109.89875069813881,30.527430749482964,0.0,0.0
2026-09-28,332,9,2026,Mon,0,36.0,199.07826855901936,7166.817668124697,272.91897298839615,82801.52499531105,0.0,28390.0,28390.0,2.916573617305778,38.555599062802095,7.139925752370758,18758.70879298377,3473.834961663656,110.12509564978143,30.590304347161467,0.0,0.0
2026-09-29,333,9,2026,Tue,0,36.0,170.934012617206,6153.624454219416,-580.6120220910798,82220.91297321997,0.0,28390.0,28390.0,2.896122330863683,0.0,0.0,18758.70879298377,3473.834961663656,110.12509564978143,30.590304347161467,0.0,0.0
2026-09-30,334,9,2026,Wed,0,35.0,172.32407382606314,6031.34258391221,-483.6197576043702,81737.2932156156,0.0,28390.0,28390.0,2.879087467968144,0.0,0.0,18758.70879298377,3473.834961663656,110.12509564978143,30.590304347161467,0.0,0.0
2026-10-01,335,10,2026,Thu,0,34.0,191.9198205426788,6525.273898451079,-422.0389886784453,81315.25422693716,0.0,28390.0,28390.0,2.8642217057744688,0.0,0.0,18758.70879298377,3473.834961663656,110.12509564978143,30.590304347161467,0.0,0.0
2026-10-02,336,10,2026,Fri,0,33.0,195.0290524150266,6435.958729695878,-752.5119615344023,80562.74226540276,0.0,28390.0,28390.0,2.837715472539724,0.0,0.0,18758.70879298377,3473.834961663656,110.12509564978143,30.590304347161467,0.0,0.0
2026-10-03,337,10,2026,Sat,0,32.0,207.29055544588786,6633.297774268412,-311.35987206754584,80251.38239333521,0.0,28390.0,28390.0,2.8267482350593593,0.0,0.0,18758.70879298377,3473.834961663656,110.12509564978143,30.590304347161467,0.0,0.0
2026-10-04,338,10,2026,Sun,0,36.0,208.3095057024012,7499.142205286443,-784.6950434063966,79466.68734992882,0.0,28390.0,28390.0,2.79910839555931,0.0,0.0,18758.70879298377,3473.834961663656,110.12509564978143,30.590304347161467,0.0,0.0
2026-10-05,339,10,2026,Mon,0,35.0,190.03676445956532,6651.286756084786,-429.70497745157803,79036.98237247724,0.0,28390.0,28390.0,2.7839726091045174,0.0,0.0,18758.70879298377,3473.834961663656,110.12509564978143,30.590304347161467,0.0,0.0
2026-10-06,340,10,2026,Tue,0,33.0,189.39601375328007,6250.068453858243,302.8318282279356,79339.81420070518,0.0,28390.0,28390.0,2.7946394575803164,0.0,0.0,18758.70879298377,3473.834961663656,110.12509564978143,30.590304347161467,0.0,0.0
2026-10-07,341,10,2026,Wed,0,33.0,193.86635082906332,6397.589577359089,218.96851996170216,79558.78272066689,0.0,28390.0,28390.0,2.8023523325349378,0.0,0.0,18758.70879298377,3473.834961663656,110.12509564978143,30.590304347161467,0.0,0.0
2026-10-08,342,10,2026,Thu,0,32.0,194.69445731603508,6230.222634113123,253.3780462195694,79812.16076688646,0.0,28390.0,28390.0,2.8112772372978676,0.0,0.0,18758.70879298377,3473.834961663656,110.12509564978143,30.590304347161467,0.0,0.0
2026-10-09,343,10,2026,Fri,0,33.0,198.0429904461402,6535.4186847226265,188.1746925929803,80000.33545947944,0.0,28390.0,28390.0,2.8179054406297794,0.0,0.0,18758.70879298377,3473.834961663656,110.12509564978143,30.590304347161467,0.0,0.0
2026-10-10,344,10,2026,Sat,0,33.0,210.94117170238928,6961.058666178847,272.89505929404265,80273.23051877347,0.0,28390.0,28390.0,2.8275178062266106,0.0,0.0,18758.70879298377,3473.834961663656,110.12509564978143,30.590304347161467,0.0,0.0
2026-10-11,345,10,2026,Sun,0,31.0,209.72565306869535,6501.495245129556,344.1610877774589,80617.39160655094,0.0,28390.0,28390.0,2.839640422914792,0.0,0.0,18758.70879298377,3473.834961663656,110.12509564978143,30.590304347161467,0.0,0.0
2026-10-12,346,10,2026,Mon,0,30.0,196.55173052617195,5896.551915785159,269.6539181426389,80887.04552469357,0.0,28390.0,28390.0,2.8491386236242895,0.0,0.0,18758.70879298377,3473.834961663656,110.12509564978143,30.590304347161467,0.0,0.0
2026-10-13,347,10,2026,Tue,0,32.0,187.73111941920172,6007.395821414455,183.2204154743656,81070.26594016794,0.0,28390.0,28390.0,2.8555923191323687,0.0,0.0,18758.70879298377,3473.834961663656,110.12509564978143,30.590304347161467,0.0,0.0
2026-10-14,348,10,2026,Wed,0,33.0,195.89980059106404,6464.6934195051135,318.4642711013971,81388.73021126934,0.0,28390.0,28390.0,2.8668097996220268,0.0,0.0,18758.70879298377,3473.834961663656,110.12509564978143,30.590304347161467,0.0,0.0
2026-10-15,349,10,2026,Thu,0,34.0,198.5278136681928,6749.945664718555,255.50403942786292,81644.2342506972,0.0,28390.0,28390.0,2.875809589668799,0.0,0.0,18758.70879298377,3473.834961663656,110.12509564978143,30.590304347161467,0.0,0.0
2026-10-16,350,10,2026,Fri,0,30.0,186.5965114747769,5597.895344243307,350.7790933363078,81995.01334403352,0.0,28390.0,28390.0,2.8881653168028714,0.0,0.0,18758.70879298377,3473.834961663656,110.12509564978143,30.590304347161467,0.0,0.0
2026-10-17,351,10,2026,Sat,0,33.0,204.02130899038542,6732.703196682719,405.03867070089126,82400.0520147344,0.0,28390.0,28390.0,2.9024322654010004,0.0,0.0,18758.70879298377,3473.834961663656,110.12509564978143,30.590304347161467,0.0,0.0
2026-10-18,352,10,2026,Sun,0,31.0,203.8915153186853,6320.636974879244,-383.25172793837424,82016.80028679603,0.0,28390.0,28390.0,2.8889327328917234,0.0,0.0,18758.70879298377,3473.834961663656,110.12509564978143,30.590304347161467,0.0,0.0
2026-10-19,353,10,2026,Mon,0,32.0,193.49501743521895,6191.840557927007,268.0462498559825,82284.84653665201,0.0,28390.0,28390.0,2.8983743056235296,0.0,0.0,18758.70879298377,3473.834961663656,110.12509564978143,30.590304347161467,0.0,0.0
2026-10-20,354,10,2026,Tue,0,31.0,198.1251716728053,6141.880321856964,-477.56358334892656,81807.28295330309,0.0,28390.0,28390.0,2.8815527634132825,0.0,0.0,18758.70879298377,3473.834961663656,110.12509564978143,30.590304347161467,0.0,0.0
2026-10-21,355,10,2026,Wed,0,29.0,189.11381656959932,5484.30068051838,205.8254438675613,82013.10839717065,0.0,28390.0,28390.0,2.8888026909887516,0.0,0.0,18758.70879298377,3473.834961663656,110.12509564978143,30.590304347161467,0.0,0.0
2026-10-22,356,10,2026,Thu,0,31.0,194.38209485471404,6025.844940496136,293.5442539596399,82306.6526511303,0.0,28390.0,28390.0,2.8991423970105776,0.0,0.0,18758.70879298377,3473.834961663656,110.12509564978143,30.590304347161467,0.0,0.0
2026-10-23,357,10,2026,Fri,0,32.0,193.87534200096042,6204.010944030733,247.2306427752842,82553.88329390557,0.0,28390.0,28390.0,2.9078507676613445,0.0,0.0,18758.70879298377,3473.834961663656,110.12509564978143,30.590304347161467,0.0,0.0
2026-10-24,358,10,2026,Sat,0,30.0,214.26855684555582,6428.056705366675,263.81415977168365,82817.69745367726,0.0,28390.0,28390.0,2.9171432706473146,0.0,0.0,18758.70879298377,3473.834961663656,110.12509564978143,30.590304347161467,0.0,0.0
2026-10-25,359,10,2026,Sun,0,32.0,239.5094369611458,7664.301982756666,289.78876722167155,83107.48622089894,0.0,28390.0,28390.0,2.9273506946424424,0.0,0.0,18758.70879298377,3473.834961663656,110.12509564978143,30.590304347161467,0.0,0.0
2026-10-26,360,10,2026,Mon,0,29.0,220.7732999561544,6402.425698728478,-415.8784360845317,82691.6077848144,0.0,28390.0,28390.0,2.9127019297222403,0.0,0.0,18758.70879298377,3473.834961663656,110.12509564978143,30.590304347161467,0.0,0.0
2026-10-27,361,10,2026,Tue,0,30.0,218.3253124956335,6549.759374869005,-664.2427659843066,82027.3650188301,0.0,28390.0,28390.0,2.889304861529767,0.0,0.0,18758.70879298377,3473.834961663656,110.12509564978143,30.590304347161467,0.0,0.0
2026-10-28,362,10,2026,Wed,0,30.0,219.45710706602318,6583.713211980696,-417.8405718374546,81609.52444699264,0.0,28390.0,28390.0,2.874586982986708,0.0,0.0,18758.70879298377,3473.834961663656,110.12509564978143,30.590304347161467,0.0,0.0
2026-10-29,363,10,2026,Thu,0,29.0,199.75042813434257,5792.762415895934,-501.43577942569993,81108.08866756695,0.0,28390.0,28390.0,2.8569245744123615,0.0,0.0,18758.70879298377,3473.834961663656,110.12509564978143,30.590304347161467,0.0,0.0
2026-10-30,364,10,2026,Fri,0,33.0,195.54272755695393,6452.91000937948,314.5942248140843,81422.68289238102,0.0,28390.0,28390.0,2.8680057376675245,0.0,0.0,18758.70879298377,3473.834961663656,110.12509564978143,30.590304347161467,0.0,0.0
2026-10-31,365,10,2026,Sat,0,29.0,212.30062749310744,6156.718197300116,154.67500379042164,81577.35789617145,0.0,28390.0,28390.0,2.873453959005687,0.0,0.0,18758.70879298377,3473.834961663656,110.12509564978143,30.590304347161467,0.0,0.0
